{
  "object_name": "wine_cork__006",
  "object_class": "wine_cork",
  "source": "bodex",
  "object_scale": 0.0819,
  "rollout_success": false,
  "n_total": 200,
  "n_feasible": 200,
  "top_candidates": [
    {
      "rank": 0,
      "raw_index": 0,
      "tag": "feasible",
      "ik_rank": 0,
      "gen_source": "bodex",
      "feasible": true,
      "render_time_sec": 2.5,
      "stages": {
        "approach": {
          "ee_pose_wxyz": [
            0.026427576318383217,
            0.06376933306455612,
            0.5705662965774536,
            0.9487528204917908,
            -0.1697879433631897,
            0.037946827709674835,
            -0.2638184726238251
          ],
          "qpos": [
            1.570963978767395,
            0.10466386377811432,
            0.7158345580101013,
            0.8339667916297913,
            0.9445200562477112,
            0.09352763742208481,
            0.6505100727081299,
            0.2819831073284149,
            0.21744024753570557,
            0.22015590965747833,
            0.5007416605949402,
            0.1685442328453064
          ]
        },
        "grasp": {
          "ee_pose_wxyz": [
            0.023392969742417336,
            0.06843632459640503,
            0.5607879161834717,
            0.9470470547676086,
            -0.17011819779872894,
            0.029841940850019455,
            -0.2706865072250366
          ],
          "qpos": [
            1.5687707662582397,
            0.08670468628406525,
            0.7353536486625671,
            0.8603551387786865,
            0.9813892841339111,
            0.30233055353164673,
            0.7151734828948975,
            0.38780415058135986,
            0.12661921977996826,
            0.24250613152980804,
            0.6442848443984985,
            0.13778012990951538
          ]
        },
        "lift": {
          "ee_pose_wxyz": [
            0.023392969742417336,
            0.06843632459640503,
            0.5607879161834717,
            0.9470470547676086,
            -0.17011819779872894,
            0.029841940850019455,
            -0.2706865072250366
          ],
          "qpos": [
            1.5665775537490845,
            0.06874550879001617,
            0.754872739315033,
            0.8867434859275818,
            1.0182585716247559,
            0.5111334323883057,
            0.779836893081665,
            0.4936251938343048,
            0.03579819202423096,
            0.26485633850097656,
            0.7878280282020569,
            0.10701602697372437
          ]
        }
      }
    },
    {
      "rank": 1,
      "raw_index": 1,
      "tag": "feasible",
      "ik_rank": 1,
      "gen_source": "bodex",
      "feasible": true,
      "render_time_sec": 2.42,
      "stages": {
        "approach": {
          "ee_pose_wxyz": [
            0.012296177446842194,
            0.058543529361486435,
            0.5748744010925293,
            0.9725818037986755,
            -0.1322551816701889,
            0.010972464457154274,
            -0.19097839295864105
          ],
          "qpos": [
            1.5187894105911255,
            0.17399999499320984,
            0.6865468621253967,
            0.8248841166496277,
            0.9560730457305908,
            0.062271058559417725,
            0.6568611264228821,
            0.35718458890914917,
            0.20100663602352142,
            0.25812840461730957,
            0.6857136487960815,
            0.076870858669281
          ]
        },
        "grasp": {
          "ee_pose_wxyz": [
            0.010793552733957767,
            0.06271393597126007,
            0.5643361210823059,
            0.9696976542472839,
            -0.13474363088607788,
            0.0099258404225111,
            -0.20354874432086945
          ],
          "qpos": [
            1.5151633024215698,
            0.08615419268608093,
            0.689331591129303,
            0.8458122611045837,
            1.0003366470336914,
            0.24077622592449188,
            0.6934434771537781,
            0.4649128019809723,
            0.13622906804084778,
            0.2628614008426666,
            0.8474066853523254,
            0.015128458850085735
          ]
        },
        "lift": {
          "ee_pose_wxyz": [
            0.010793552733957767,
            0.06271393597126007,
            0.5643361210823059,
            0.9696976542472839,
            -0.13474363088607788,
            0.0099258404225111,
            -0.20354874432086945
          ],
          "qpos": [
            1.5115371942520142,
            -0.0016916096210479736,
            0.6921163201332092,
            0.8667404055595398,
            1.044600248336792,
            0.41928139328956604,
            0.7300258278846741,
            0.5726410150527954,
            0.07145150005817413,
            0.2675943970680237,
            1.0090997219085693,
            -0.046613939106464386
          ]
        }
      }
    },
    {
      "rank": 2,
      "raw_index": 2,
      "tag": "feasible",
      "ik_rank": 2,
      "gen_source": "bodex",
      "feasible": true,
      "render_time_sec": 2.15,
      "stages": {
        "approach": {
          "ee_pose_wxyz": [
            0.04800191894173622,
            0.06072036921977997,
            0.5600908994674683,
            0.9614355564117432,
            -0.20346179604530334,
            0.1801731437444687,
            -0.04222049191594124
          ],
          "qpos": [
            1.2323552370071411,
            0.152347594499588,
            0.7819128632545471,
            0.9680332541465759,
            1.159956693649292,
            0.01052850391715765,
            0.658549964427948,
            0.30339670181274414,
            0.2807984948158264,
            0.4715067148208618,
            0.6294887661933899,
            0.24252724647521973
          ]
        },
        "grasp": {
          "ee_pose_wxyz": [
            0.04456423595547676,
            0.06054041162133217,
            0.5597924590110779,
            0.9633632898330688,
            -0.16701501607894897,
            0.2046523094177246,
            -0.04641745984554291
          ],
          "qpos": [
            1.2816228866577148,
            -0.005909317638725042,
            0.7967491149902344,
            0.9817237854003906,
            1.1690394878387451,
            0.18941724300384521,
            0.7343692183494568,
            0.2964100241661072,
            0.24152745306491852,
            0.4906676411628723,
            0.8162038326263428,
            0.2850661277770996
          ]
        },
        "lift": {
          "ee_pose_wxyz": [
            0.04456423595547676,
            0.06054041162133217,
            0.5597924590110779,
            0.9633632898330688,
            -0.16701501607894897,
            0.2046523094177246,
            -0.04641745984554291
          ],
          "qpos": [
            1.3308905363082886,
            -0.16416624188423157,
            0.8115853667259216,
            0.9954143166542053,
            1.1781222820281982,
            0.3683059811592102,
            0.8101884722709656,
            0.2894233465194702,
            0.20225641131401062,
            0.5098285675048828,
            1.0029189586639404,
            0.3276050090789795
          ]
        }
      }
    },
    {
      "rank": 3,
      "raw_index": 3,
      "tag": "feasible",
      "ik_rank": 3,
      "gen_source": "bodex",
      "feasible": true,
      "render_time_sec": 2.62,
      "stages": {
        "approach": {
          "ee_pose_wxyz": [
            0.019190939143300056,
            0.05419394373893738,
            0.5767503976821899,
            0.9718408584594727,
            -0.09293804317712784,
            0.015818899497389793,
            -0.21595734357833862
          ],