{
  "object_name": "wine_cork__002",
  "object_class": "wine_cork",
  "source": "bodex",
  "object_scale": 0.0716,
  "rollout_success": false,
  "n_total": 200,
  "n_feasible": 200,
  "top_candidates": [
    {
      "rank": 0,
      "raw_index": 0,
      "tag": "feasible",
      "ik_rank": 0,
      "gen_source": "bodex",
      "feasible": true,
      "render_time_sec": 2.27,
      "stages": {
        "approach": {
          "ee_pose_wxyz": [
            -0.012738850899040699,
            0.0742095336318016,
            0.9250181317329407,
            0.9542750716209412,
            -0.26544713973999023,
            0.047118376940488815,
            0.1291382610797882
          ],
          "qpos": [
            1.7339439392089844,
            0.17219197750091553,
            0.8184013962745667,
            0.8176096677780151,
            0.8617988228797913,
            0.1986479014158249,
            0.9726676344871521,
            0.0,
            0.2296125590801239,
            0.23678362369537354,
            0.5915910601615906,
            0.3096413314342499
          ]
        },
        "grasp": {
          "ee_pose_wxyz": [
            -0.02177693136036396,
            0.07200226932764053,
            0.9137741923332214,
            0.948735773563385,
            -0.2915201783180237,
            0.019182724878191948,
            0.12061762064695358
          ],
          "qpos": [
            1.688780665397644,
            0.05183664336800575,
            0.8528836369514465,
            0.8672422170639038,
            0.8852521181106567,
            0.4351523518562317,
            0.9977666735649109,
            0.0,
            0.16526637971401215,
            0.21980002522468567,
            0.6528711915016174,
            0.38370421528816223
          ]
        },
        "lift": {
          "ee_pose_wxyz": [
            -0.02177693136036396,
            0.07200226932764053,
            0.9137741923332214,
            0.948735773563385,
            -0.2915201783180237,
            0.019182724878191948,
            0.12061762064695358
          ],
          "qpos": [
            1.6436173915863037,
            -0.06851869821548462,
            0.8873658776283264,
            0.9168747663497925,
            0.9087054133415222,
            0.6716567873954773,
            1.0228657722473145,
            0.0,
            0.10092020034790039,
            0.2028164267539978,
            0.7141513228416443,
            0.4577670991420746
          ]
        }
      }
    },
    {
      "rank": 1,
      "raw_index": 1,
      "tag": "feasible",
      "ik_rank": 1,
      "gen_source": "bodex",
      "feasible": true,
      "render_time_sec": 2.62,
      "stages": {
        "approach": {
          "ee_pose_wxyz": [
            0.03635842353105545,
            0.02274605631828308,
            0.9391612410545349,
            0.9764054417610168,
            0.02361554093658924,
            0.19143468141555786,
            0.09709519892930984
          ],
          "qpos": [
            1.460383415222168,
            0.15590229630470276,
            0.8067200183868408,
            0.9941354393959045,
            1.166319727897644,
            0.20981848239898682,
            1.0128782987594604,
            0.7543945908546448,
            0.28426864743232727,
            0.31755274534225464,
            0.21962301433086395,
            0.4267537295818329
          ]
        },
        "grasp": {
          "ee_pose_wxyz": [
            0.03979101404547691,
            0.024166306480765343,
            0.9397744536399841,
            0.9751161932945251,
            0.04447075352072716,
            0.21349045634269714,
            0.03990817815065384
          ],
          "qpos": [
            1.5815976858139038,
            -0.015039091929793358,
            0.8923524618148804,
            1.0427151918411255,
            1.1939380168914795,
            0.3989732563495636,
            1.1186500787734985,
            0.8537073135375977,
            0.3117503523826599,
            0.1745644360780716,
            0.23444978892803192,
            0.5255240797996521
          ]
        },
        "lift": {
          "ee_pose_wxyz": [
            0.03979101404547691,
            0.024166306480765343,
            0.9397744536399841,
            0.9751161932945251,
            0.04447075352072716,
            0.21349045634269714,
            0.03990817815065384
          ],
          "qpos": [
            1.7028119564056396,
            -0.18598046898841858,
            0.9779849052429199,
            1.0912950038909912,
            1.221556305885315,
            0.5881280303001404,
            1.2244218587875366,
            0.9530200362205505,
            0.33923205733299255,
            0.03157612681388855,
            0.2492765635251999,
            0.6242944002151489
          ]
        }
      }
    },
    {
      "rank": 2,
      "raw_index": 2,
      "tag": "feasible",
      "ik_rank": 2,
      "gen_source": "bodex",
      "feasible": true,
      "render_time_sec": 2.48,
      "stages": {
        "approach": {
          "ee_pose_wxyz": [
            0.04510118439793587,
            -0.004711424000561237,
            0.9347279071807861,
            0.9461724162101746,
            0.06050093472003937,
            0.18770107626914978,
            -0.2566433846950531
          ],
          "qpos": [
            1.4253363609313965,
            0.12229429185390472,
            0.8272610902786255,
            1.018768310546875,
            1.2071504592895508,
            0.20321767032146454,
            0.9563334584236145,
            0.689452052116394,
            0.2841372489929199,
            0.35922351479530334,
            0.22208957374095917,
            0.46941086649894714
          ]
        },
        "grasp": {
          "ee_pose_wxyz": [
            0.05214501917362213,
            -0.005152316763997078,
            0.9345876574516296,
            0.9200215339660645,
            0.08307184278964996,
            0.20877820253372192,
            -0.32104671001434326
          ],
          "qpos": [
            1.562927007675171,
            -0.04109516367316246,
            0.9101467728614807,
            1.0703706741333008,
            1.2188143730163574,
            0.39798295497894287,
            1.0733139514923096,
            0.787024199962616,
            0.2871840298175812,
            0.23620590567588806,
            0.23922434449195862,
            0.567620038986206
          ]
        },
        "lift": {
          "ee_pose_wxyz": [
            0.05214501917362213,
            -0.005152316763997078,
            0.9345876574516296,
            0.9200215339660645,
            0.08307184278964996,
            0.20877820253372192,
            -0.32104671001434326
          ],
          "qpos": [
            1.7005176544189453,
            -0.20448462665081024,
            0.9930324554443359,
            1.1219730377197266,
            1.230478286743164,
            0.59274822473526,
            1.1902945041656494,
            0.8845963478088379,
            0.29023081064224243,
            0.11318829655647278,
            0.2563591003417969,
            0.6658291816711426
          ]
        }
      }
    },
    {
      "rank": 3,
      "raw_index": 3,
      "tag": "feasible",
      "ik_rank": 3,
      "gen_source": "bodex",
      "feasible": true,
      "render_time_sec": 2.43,
      "stages": {
        "approach": {
          "ee_pose_wxyz": [
            0.04031715542078018,
            0.008116273209452629,
            0.9389634132385254,
            0.9795345664024353,
            0.041800856590270996,
            0.18677760660648346,
            -0.06228150799870491
          ],