{
  "object_name": "wood_planer__000",
  "object_class": "wood_planer",
  "source": "bodex",
  "object_scale": 0.0664,
  "rollout_success": false,
  "n_total": 200,
  "n_feasible": 200,
  "top_candidates": [
    {
      "rank": 0,
      "raw_index": 0,
      "tag": "feasible",
      "ik_rank": 0,
      "gen_source": "bodex",
      "feasible": true,
      "render_time_sec": 2.64,
      "stages": {
        "approach": {
          "ee_pose_wxyz": [
            -0.007988177239894867,
            0.08390869200229645,
            0.9693850874900818,
            0.9229969382286072,
            -0.25046324729919434,
            -0.11262209713459015,
            -0.26955750584602356
          ],
          "qpos": [
            1.4767762422561646,
            0.1739557534456253,
            0.6247978806495667,
            0.7728840112686157,
            0.9183343052864075,
            0.41292110085487366,
            0.9979150891304016,
            0.4619925022125244,
            0.17864011228084564,
            0.16606295108795166,
            0.39716604351997375,
            0.12046082317829132
          ]
        },
        "grasp": {
          "ee_pose_wxyz": [
            -0.010185789316892624,
            0.08484984189271927,
            0.9683180451393127,
            0.9251167178153992,
            -0.21576698124408722,
            -0.13360083103179932,
            -0.28240832686424255
          ],
          "qpos": [
            1.5737454891204834,
            -0.003763883374631405,
            0.7231822609901428,
            0.8424689769744873,
            0.9535760283470154,
            0.5773902535438538,
            1.1130003929138184,
            0.5837737917900085,
            0.1771995574235916,
            0.034692298620939255,
            0.38074979186058044,
            0.2206949144601822
          ]
        },
        "lift": {
          "ee_pose_wxyz": [
            -0.010185789316892624,
            0.08484984189271927,
            0.9683180451393127,
            0.9251167178153992,
            -0.21576698124408722,
            -0.13360083103179932,
            -0.28240832686424255
          ],
          "qpos": [
            1.6707147359848022,
            -0.18148352205753326,
            0.821566641330719,
            0.9120539426803589,
            0.9888177514076233,
            0.7418594360351562,
            1.2280857563018799,
            0.7055550813674927,
            0.17575900256633759,
            -0.09667834639549255,
            0.36433354020118713,
            0.32092899084091187
          ]
        }
      }
    },
    {
      "rank": 1,
      "raw_index": 1,
      "tag": "feasible",
      "ik_rank": 1,
      "gen_source": "bodex",
      "feasible": true,
      "render_time_sec": 2.63,
      "stages": {
        "approach": {
          "ee_pose_wxyz": [
            -0.036973707377910614,
            0.07273376733064651,
            0.958931565284729,
            0.9422401189804077,
            -0.2694856822490692,
            -0.19570966064929962,
            -0.03547978401184082
          ],
          "qpos": [
            1.552988052368164,
            0.17399999499320984,
            0.7418492436408997,
            0.858414888381958,
            0.9746743440628052,
            0.3003242611885071,
            1.0203193426132202,
            0.4637962877750397,
            0.22403374314308167,
            0.18220409750938416,
            0.4047570526599884,
            0.31864312291145325
          ]
        },
        "grasp": {
          "ee_pose_wxyz": [
            -0.04195933789014816,
            0.07425222545862198,
            0.9506319165229797,
            0.9320570230484009,
            -0.2632409930229187,
            -0.24405410885810852,
            -0.04910864308476448
          ],
          "qpos": [
            1.624658226966858,
            0.0067288437858223915,
            0.8322650194168091,
            0.9412903785705566,
            1.047136664390564,
            0.46773120760917664,
            1.127578616142273,
            0.5464469790458679,
            0.3220520615577698,
            0.046097494661808014,
            0.3959377706050873,
            0.4241921901702881
          ]
        },
        "lift": {
          "ee_pose_wxyz": [
            -0.04195933789014816,
            0.07425222545862198,
            0.9506319165229797,
            0.9320570230484009,
            -0.2632409930229187,
            -0.24405410885810852,
            -0.04910864308476448
          ],
          "qpos": [
            1.6963284015655518,
            -0.1605423092842102,
            0.9226807951927185,
            1.0241658687591553,
            1.1195989847183228,
            0.6351381540298462,
            1.2348378896713257,
            0.6290977001190186,
            0.4200703799724579,
            -0.09000911563634872,
            0.38711848855018616,
            0.5297412872314453
          ]
        }
      }
    },
    {
      "rank": 2,
      "raw_index": 2,
      "tag": "feasible",
      "ik_rank": 2,
      "gen_source": "bodex",
      "feasible": true,
      "render_time_sec": 2.86,
      "stages": {
        "approach": {
          "ee_pose_wxyz": [
            -0.0157246682792902,
            -0.07692300528287888,
            0.9267428517341614,
            0.8859445452690125,
            0.42011502385139465,
            -0.1278786063194275,
            0.1491737812757492
          ],
          "qpos": [
            1.4207375049591064,
            -0.04000456631183624,
            0.8867305517196655,
            1.0246505737304688,
            1.1578079462051392,
            0.28199461102485657,
            0.8692458271980286,
            0.3638656735420227,
            0.3563012182712555,
            0.4375820755958557,
            0.33851778507232666,
            0.3158086836338043
          ]
        },
        "grasp": {
          "ee_pose_wxyz": [
            -0.02649657242000103,
            -0.07934726774692535,
            0.91399747133255,
            0.8486582636833191,
            0.48985156416893005,
            -0.1541995257139206,
            0.12667742371559143
          ],
          "qpos": [
            1.5763391256332397,
            -0.04306069388985634,
            0.9157205820083618,
            1.0567628145217896,
            1.1930670738220215,
            0.44993627071380615,
            0.9187601804733276,
            0.42064255475997925,
            0.3661859929561615,
            0.3660437762737274,
            0.38172459602355957,
            0.34062594175338745
          ]
        },
        "lift": {
          "ee_pose_wxyz": [
            -0.02649657242000103,
            -0.07934726774692535,
            0.91399747133255,
            0.8486582636833191,
            0.48985156416893005,
            -0.1541995257139206,
            0.12667742371559143
          ],
          "qpos": [
            1.731940746307373,
            -0.046116821467876434,
            0.9447106122970581,
            1.0888750553131104,
            1.2283262014389038,
            0.6178779602050781,
            0.9682745337486267,
            0.4774194359779358,
            0.3760707676410675,
            0.2945054769515991,
            0.4249314069747925,
            0.3654431998729706
          ]
        }
      }
    },
    {
      "rank": 3,
      "raw_index": 3,
      "tag": "feasible",
      "ik_rank": 3,
      "gen_source": "bodex",
      "feasible": true,
      "render_time_sec": 2.77,
      "stages": {
        "approach": {
          "ee_pose_wxyz": [
            -0.06972211599349976,
            0.027631698176264763,
            0.9495885968208313,
            0.7474364638328552,
            -0.30182161927223206,
            -0.08087410777807236,
            0.5862609148025513
          ],