{
  "object_name": "staplers__007",
  "object_class": "staplers",
  "source": "bodex",
  "object_scale": 0.0665,
  "rollout_success": false,
  "n_total": 199,
  "n_feasible": 199,
  "top_candidates": [
    {
      "rank": 0,
      "raw_index": 0,
      "tag": "feasible",
      "ik_rank": 0,
      "gen_source": "bodex",
      "feasible": true,
      "render_time_sec": 2.26,
      "stages": {
        "approach": {
          "ee_pose_wxyz": [
            0.029442735016345978,
            0.08228477090597153,
            0.9004526734352112,
            0.9209153652191162,
            -0.3352217674255371,
            0.19862568378448486,
            -0.009435366839170456
          ],
          "qpos": [
            1.5160510540008545,
            0.10811018943786621,
            0.95285964012146,
            1.0033749341964722,
            1.055241584777832,
            0.3872981369495392,
            0.9647773504257202,
            0.5725692510604858,
            0.33276858925819397,
            0.1978006660938263,
            0.4667908847332001,
            0.4126684367656708
          ]
        },
        "grasp": {
          "ee_pose_wxyz": [
            0.019082123413681984,
            0.07986535131931305,
            0.8932844996452332,
            0.9208865165710449,
            -0.35480114817619324,
            0.16142719984054565,
            -0.00503122340887785
          ],
          "qpos": [
            1.542852520942688,
            0.12189328670501709,
            1.0276837348937988,
            1.0985666513442993,
            1.1616250276565552,
            0.5516703128814697,
            1.058648705482483,
            0.7297776341438293,
            0.4059191346168518,
            0.12805165350437164,
            0.5257936120033264,
            0.4891088306903839
          ]
        },
        "lift": {
          "ee_pose_wxyz": [
            0.019082123413681984,
            0.07986535131931305,
            0.8932844996452332,
            0.9208865165710449,
            -0.35480114817619324,
            0.16142719984054565,
            -0.00503122340887785
          ],
          "qpos": [
            1.5696539878845215,
            0.13567638397216797,
            1.1025078296661377,
            1.1937583684921265,
            1.2680084705352783,
            0.7160425186157227,
            1.1525200605392456,
            0.8869860172271729,
            0.47906967997550964,
            0.05830264091491699,
            0.5847963094711304,
            0.5655492544174194
          ]
        }
      }
    },
    {
      "rank": 1,
      "raw_index": 1,
      "tag": "feasible",
      "ik_rank": 1,
      "gen_source": "bodex",
      "feasible": true,
      "render_time_sec": 2.41,
      "stages": {
        "approach": {
          "ee_pose_wxyz": [
            0.02998245693743229,
            0.011858228594064713,
            0.9516579508781433,
            0.9771891832351685,
            0.018286893144249916,
            0.2109280377626419,
            -0.01661982759833336
          ],
          "qpos": [
            1.4968386888504028,
            0.17399999499320984,
            0.8045250773429871,
            0.9402899146080017,
            1.097712755203247,
            0.4828382432460785,
            0.9963467121124268,
            0.5916129350662231,
            0.29174694418907166,
            0.2447705715894699,
            0.4542788565158844,
            0.2902936041355133
          ]
        },
        "grasp": {
          "ee_pose_wxyz": [
            0.020063690841197968,
            0.013722601346671581,
            0.9506786465644836,
            0.9810450673103333,
            0.05360199138522148,
            0.17889003455638885,
            -0.05172756686806679
          ],
          "qpos": [
            1.580690622329712,
            0.07862415909767151,
            0.8806581497192383,
            0.9848343133926392,
            1.0824521780014038,
            0.6833713054656982,
            1.119314432144165,
            0.7619569301605225,
            0.3038226366043091,
            0.017976459115743637,
            0.4920410215854645,
            0.3563746511936188
          ]
        },
        "lift": {
          "ee_pose_wxyz": [
            0.020063690841197968,
            0.013722601346671581,
            0.9506786465644836,
            0.9810450673103333,
            0.05360199138522148,
            0.17889003455638885,
            -0.05172756686806679
          ],
          "qpos": [
            1.664542555809021,
            -0.01675167679786682,
            0.9567912220954895,
            1.0293786525726318,
            1.0671916007995605,
            0.8839043378829956,
            1.2422821521759033,
            0.9323009252548218,
            0.3158983290195465,
            -0.20881764590740204,
            0.5298031568527222,
            0.42245569825172424
          ]
        }
      }
    },
    {
      "rank": 2,
      "raw_index": 2,
      "tag": "feasible",
      "ik_rank": 2,
      "gen_source": "bodex",
      "feasible": true,
      "render_time_sec": 2.63,
      "stages": {
        "approach": {
          "ee_pose_wxyz": [
            0.0035612669307738543,
            0.09136714041233063,
            0.8945983052253723,
            0.8024749755859375,
            -0.4402221441268921,
            0.27881157398223877,
            0.29069316387176514
          ],
          "qpos": [
            1.2848066091537476,
            0.17399999499320984,
            0.9857745170593262,
            1.0911228656768799,
            1.2003859281539917,
            0.3876354992389679,
            0.7574061155319214,
            0.34909889101982117,
            0.6783209443092346,
            0.31208735704421997,
            0.38516873121261597,
            0.2899892330169678
          ]
        },
        "grasp": {
          "ee_pose_wxyz": [
            -0.0025712521746754646,
            0.09146880358457565,
            0.8902018070220947,
            0.8021169304847717,
            -0.4431801736354828,
            0.28505825996398926,
            0.280965119600296
          ],
          "qpos": [
            1.4078221321105957,
            0.10500331223011017,
            0.9915258288383484,
            1.119781732559204,
            1.2627235651016235,
            0.5411068201065063,
            0.8367735147476196,
            0.372901052236557,
            0.7619802951812744,
            0.22169984877109528,
            0.4162619411945343,
            0.3339253067970276
          ]
        },
        "lift": {
          "ee_pose_wxyz": [
            -0.0025712521746754646,
            0.09146880358457565,
            0.8902018070220947,
            0.8021169304847717,
            -0.4431801736354828,
            0.28505825996398926,
            0.280965119600296
          ],
          "qpos": [
            1.5308376550674438,
            0.0360066294670105,
            0.9972771406173706,
            1.1484405994415283,
            1.3250612020492554,
            0.6945781707763672,
            0.9161409139633179,
            0.39670321345329285,
            0.8456396460533142,
            0.13131234049797058,
            0.44735515117645264,
            0.3778613805770874
          ]
        }
      }
    },
    {
      "rank": 3,
      "raw_index": 3,
      "tag": "feasible",
      "ik_rank": 3,
      "gen_source": "bodex",
      "feasible": true,
      "render_time_sec": 2.55,
      "stages": {
        "approach": {
          "ee_pose_wxyz": [
            0.026808153837919235,
            0.009120898321270943,
            0.9574602246284485,
            0.9788752794265747,
            0.045449718832969666,
            0.19168366491794586,
            -0.05472640320658684
          ],