{
  "object_name": "dumbbell__007",
  "object_class": "dumbbell",
  "source": "bodex",
  "object_scale": 0.0649,
  "rollout_success": false,
  "n_total": 200,
  "n_feasible": 200,
  "top_candidates": [
    {
      "rank": 0,
      "raw_index": 0,
      "tag": "feasible",
      "ik_rank": 0,
      "gen_source": "bodex",
      "feasible": true,
      "render_time_sec": 2.26,
      "stages": {
        "approach": {
          "ee_pose_wxyz": [
            0.053389471024274826,
            0.08877748996019363,
            0.9712947010993958,
            0.7188805341720581,
            -0.31970474123954773,
            0.6088453531265259,
            0.10152335464954376
          ],
          "qpos": [
            1.514662742614746,
            0.14125503599643707,
            0.5065925717353821,
            0.6930562257766724,
            0.9081251621246338,
            0.477399617433548,
            1.1761573553085327,
            0.2831934094429016,
            0.24934013187885284,
            0.287010133266449,
            0.470409631729126,
            0.3969653844833374
          ]
        },
        "grasp": {
          "ee_pose_wxyz": [
            0.046602729707956314,
            0.09059948474168777,
            0.9652103185653687,
            0.6959800124168396,
            -0.3362930119037628,
            0.6252252459526062,
            0.10775969922542572
          ],
          "qpos": [
            1.5507395267486572,
            -0.05652694031596184,
            0.5657141804695129,
            0.7556818127632141,
            0.99074786901474,
            0.6181178092956543,
            1.1805452108383179,
            0.31665340065956116,
            0.23229679465293884,
            0.2966904640197754,
            0.5126569867134094,
            0.45062750577926636
          ]
        },
        "lift": {
          "ee_pose_wxyz": [
            0.046602729707956314,
            0.09059948474168777,
            0.9652103185653687,
            0.6959800124168396,
            -0.3362930119037628,
            0.6252252459526062,
            0.10775969922542572
          ],
          "qpos": [
            1.5868163108825684,
            -0.25430890917778015,
            0.6248357892036438,
            0.8183073997497559,
            1.0733705759048462,
            0.758836030960083,
            1.184933066368103,
            0.3501133918762207,
            0.21525345742702484,
            0.3063707947731018,
            0.5549043416976929,
            0.5042896270751953
          ]
        }
      }
    },
    {
      "rank": 1,
      "raw_index": 1,
      "tag": "feasible",
      "ik_rank": 1,
      "gen_source": "bodex",
      "feasible": true,
      "render_time_sec": 2.18,
      "stages": {
        "approach": {
          "ee_pose_wxyz": [
            0.11342242360115051,
            0.015231572091579437,
            0.9719321131706238,
            0.7070030570030212,
            -0.01912016235291958,
            0.6889654994010925,
            -0.15845374763011932
          ],
          "qpos": [
            1.6125710010528564,
            0.1557256430387497,
            0.6229150891304016,
            0.8180146813392639,
            1.032726526260376,
            0.41247478127479553,
            1.1898571252822876,
            0.4024011790752411,
            0.26417046785354614,
            0.35734304785728455,
            0.29921212792396545,
            0.4150291085243225
          ]
        },
        "grasp": {
          "ee_pose_wxyz": [
            0.1100384071469307,
            0.020633753389120102,
            0.9634392261505127,
            0.6902157664299011,
            -0.022516008466482162,
            0.7070978283882141,
            -0.15201233327388763
          ],
          "qpos": [
            1.607320785522461,
            -0.037127673625946045,
            0.6994720101356506,
            0.8918620347976685,
            1.1146013736724854,
            0.5399617552757263,
            1.2877312898635864,
            0.43739455938339233,
            0.2259465903043747,
            0.3315454125404358,
            0.32265686988830566,
            0.5774143934249878
          ]
        },
        "lift": {
          "ee_pose_wxyz": [
            0.1100384071469307,
            0.020633753389120102,
            0.9634392261505127,
            0.6902157664299011,
            -0.022516008466482162,
            0.7070978283882141,
            -0.15201233327388763
          ],
          "qpos": [
            1.6020705699920654,
            -0.22998099029064178,
            0.7760289311408997,
            0.965709388256073,
            1.1964762210845947,
            0.6674487590789795,
            1.3856054544448853,
            0.4723879396915436,
            0.18772271275520325,
            0.30574777722358704,
            0.3461016118526459,
            0.7397996783256531
          ]
        }
      }
    },
    {
      "rank": 2,
      "raw_index": 2,
      "tag": "feasible",
      "ik_rank": 2,
      "gen_source": "bodex",
      "feasible": true,
      "render_time_sec": 2.05,
      "stages": {
        "approach": {
          "ee_pose_wxyz": [
            0.06823397427797318,
            0.07516134530305862,
            0.9828562140464783,
            0.6849704384803772,
            -0.17851711809635162,
            0.6784151196479797,
            0.19672346115112305
          ],
          "qpos": [
            1.5535968542099,
            0.12081331759691238,
            0.40842437744140625,
            0.6302611231803894,
            1.0245956182479858,
            0.4939367473125458,
            1.0731117725372314,
            0.3376973867416382,
            0.03324403241276741,
            0.36026841402053833,
            0.3803761601448059,
            0.18110248446464539
          ]
        },
        "grasp": {
          "ee_pose_wxyz": [
            0.06610971689224243,
            0.07885193824768066,
            0.9681885838508606,
            0.656501054763794,
            -0.1987537294626236,
            0.7089493274688721,
            0.1639944463968277
          ],
          "qpos": [
            1.5868288278579712,
            -0.07322405278682709,
            0.4757691025733948,
            0.7045731544494629,
            1.1040927171707153,
            0.6066092848777771,
            1.2281190156936646,
            0.3590361773967743,
            0.036470964550971985,
            0.33156266808509827,
            0.37639549374580383,
            0.29124000668525696
          ]
        },
        "lift": {
          "ee_pose_wxyz": [
            0.06610971689224243,
            0.07885193824768066,
            0.9681885838508606,
            0.656501054763794,
            -0.1987537294626236,
            0.7089493274688721,
            0.1639944463968277
          ],
          "qpos": [
            1.6200608015060425,
            -0.26726144552230835,
            0.5431138277053833,
            0.7788851857185364,
            1.1835898160934448,
            0.719281792640686,
            1.3831262588500977,
            0.3803749680519104,
            0.03969789668917656,
            0.3028569221496582,
            0.37241482734680176,
            0.40137752890586853
          ]
        }
      }
    },
    {
      "rank": 3,
      "raw_index": 3,
      "tag": "feasible",
      "ik_rank": 3,
      "gen_source": "bodex",
      "feasible": true,
      "render_time_sec": 2.73,
      "stages": {
        "approach": {
          "ee_pose_wxyz": [
            0.10199924558401108,
            0.03081873059272766,
            0.9970186352729797,
            0.7740413546562195,
            -0.024715028703212738,
            0.6323748230934143,
            -0.018747197464108467
          ],