{
  "object_name": "wood_planer__006",
  "object_class": "wood_planer",
  "source": "bodex",
  "object_scale": 0.0678,
  "rollout_success": false,
  "n_total": 200,
  "n_feasible": 200,
  "top_candidates": [
    {
      "rank": 0,
      "raw_index": 0,
      "tag": "feasible",
      "ik_rank": 0,
      "gen_source": "bodex",
      "feasible": true,
      "render_time_sec": 2.65,
      "stages": {
        "approach": {
          "ee_pose_wxyz": [
            -0.022046219557523727,
            -0.07269589602947235,
            0.9501428604125977,
            0.7863488793373108,
            0.6164484620094299,
            -0.04046323522925377,
            -0.003059662878513336
          ],
          "qpos": [
            1.5786844491958618,
            0.00357402628287673,
            0.7965267896652222,
            0.894496500492096,
            0.983402669429779,
            0.3896578252315521,
            0.9408116936683655,
            0.5447241067886353,
            0.3387899398803711,
            0.08830249309539795,
            0.4676836431026459,
            0.19510066509246826
          ]
        },
        "grasp": {
          "ee_pose_wxyz": [
            -0.029021263122558594,
            -0.043901968747377396,
            0.9708781242370605,
            0.8585576415061951,
            0.5062064528465271,
            -0.03260117396712303,
            -0.07463843375444412
          ],
          "qpos": [
            1.5358937978744507,
            0.03396143764257431,
            0.7985646724700928,
            0.9105586409568787,
            1.011825442314148,
            0.6511492729187012,
            0.9997416138648987,
            0.6657366156578064,
            0.3500906527042389,
            0.03693941608071327,
            0.6000999808311462,
            0.04568122327327728
          ]
        },
        "lift": {
          "ee_pose_wxyz": [
            -0.029021263122558594,
            -0.043901968747377396,
            0.9708781242370605,
            0.8585576415061951,
            0.5062064528465271,
            -0.03260117396712303,
            -0.07463843375444412
          ],
          "qpos": [
            1.4931031465530396,
            0.06434884667396545,
            0.8006025552749634,
            0.9266207814216614,
            1.040248155593872,
            0.9126406908035278,
            1.058671474456787,
            0.7867491245269775,
            0.3613913655281067,
            -0.014423660933971405,
            0.7325162887573242,
            -0.1037382185459137
          ]
        }
      }
    },
    {
      "rank": 1,
      "raw_index": 1,
      "tag": "feasible",
      "ik_rank": 1,
      "gen_source": "bodex",
      "feasible": true,
      "render_time_sec": 2.31,
      "stages": {
        "approach": {
          "ee_pose_wxyz": [
            0.110287144780159,
            -0.028382353484630585,
            0.9232198596000671,
            0.7739154696464539,
            0.17459717392921448,
            0.6074347496032715,
            -0.0399211049079895
          ],
          "qpos": [
            1.4011446237564087,
            -0.11034561693668365,
            0.872988224029541,
            0.8941637873649597,
            0.9114278554916382,
            0.15272177755832672,
            1.0249402523040771,
            0.3909507095813751,
            0.34332275390625,
            0.22494515776634216,
            0.24487924575805664,
            0.5720840692520142
          ]
        },
        "grasp": {
          "ee_pose_wxyz": [
            0.10980541259050369,
            -0.033688534051179886,
            0.9028146266937256,
            0.7160235643386841,
            0.22545428574085236,
            0.6579840183258057,
            -0.05947844311594963
          ],
          "qpos": [
            1.4003509283065796,
            -0.17399999499320984,
            0.9251101613044739,
            0.9484082460403442,
            0.9715477228164673,
            0.27216458320617676,
            1.158463478088379,
            0.6371781229972839,
            0.3241789638996124,
            0.05859163776040077,
            0.23815883696079254,
            0.6991637945175171
          ]
        },
        "lift": {
          "ee_pose_wxyz": [
            0.10980541259050369,
            -0.033688534051179886,
            0.9028146266937256,
            0.7160235643386841,
            0.22545428574085236,
            0.6579840183258057,
            -0.05947844311594963
          ],
          "qpos": [
            1.3995572328567505,
            -0.23765437304973602,
            0.9772320985794067,
            1.002652645111084,
            1.0316675901412964,
            0.391607403755188,
            1.2919867038726807,
            0.8834055662155151,
            0.30503517389297485,
            -0.10776188969612122,
            0.23143842816352844,
            0.82624351978302
          ]
        }
      }
    },
    {
      "rank": 2,
      "raw_index": 2,
      "tag": "feasible",
      "ik_rank": 2,
      "gen_source": "bodex",
      "feasible": true,
      "render_time_sec": 2.65,
      "stages": {
        "approach": {
          "ee_pose_wxyz": [
            0.09570518136024475,
            -0.033925823867321014,
            0.9686458706855774,
            0.7755023837089539,
            0.4175862669944763,
            0.4584697186946869,
            0.11842021346092224
          ],
          "qpos": [
            1.509405493736267,
            0.06560631841421127,
            0.9164958596229553,
            0.9038490653038025,
            0.8931443691253662,
            0.32311269640922546,
            1.060898780822754,
            0.3896719813346863,
            0.3431456387042999,
            0.27174508571624756,
            0.4274739921092987,
            0.42004644870758057
          ]
        },
        "grasp": {
          "ee_pose_wxyz": [
            0.086030974984169,
            -0.03561490401625633,
            0.9654249548912048,
            0.7761399149894714,
            0.43533095717430115,
            0.4495847821235657,
            0.07724829018115997
          ],
          "qpos": [
            1.4575977325439453,
            -0.03690808638930321,
            0.9566243886947632,
            0.9723907709121704,
            0.9924780130386353,
            0.4402860403060913,
            1.1616082191467285,
            0.561486005783081,
            0.37210968136787415,
            0.14639857411384583,
            0.42314642667770386,
            0.5176600217819214
          ]
        },
        "lift": {
          "ee_pose_wxyz": [
            0.086030974984169,
            -0.03561490401625633,
            0.9654249548912048,
            0.7761399149894714,
            0.43533095717430115,
            0.4495847821235657,
            0.07724829018115997
          ],
          "qpos": [
            1.4057899713516235,
            -0.1394224911928177,
            0.996752917766571,
            1.0409324169158936,
            1.0918116569519043,
            0.5574593544006348,
            1.2623176574707031,
            0.7333000302314758,
            0.40107372403144836,
            0.021052062511444092,
            0.418818861246109,
            0.6152735948562622
          ]
        }
      }
    },
    {
      "rank": 3,
      "raw_index": 3,
      "tag": "feasible",
      "ik_rank": 3,
      "gen_source": "bodex",
      "feasible": true,
      "render_time_sec": 2.89,
      "stages": {
        "approach": {
          "ee_pose_wxyz": [
            -0.021799594163894653,
            -0.050391923636198044,
            0.9795806407928467,
            0.8901772499084473,
            0.45506879687309265,
            -0.007840657606720924,
            -0.020870765671133995
          ],