{
  "object_name": "wine_cork__004",
  "object_class": "wine_cork",
  "source": "bodex",
  "object_scale": 0.075,
  "rollout_success": false,
  "n_total": 200,
  "n_feasible": 200,
  "top_candidates": [
    {
      "rank": 0,
      "raw_index": 0,
      "tag": "feasible",
      "ik_rank": 0,
      "gen_source": "bodex",
      "feasible": true,
      "render_time_sec": 2.79,
      "stages": {
        "approach": {
          "ee_pose_wxyz": [
            0.033393967896699905,
            0.016496509313583374,
            0.9158974289894104,
            0.9813633561134338,
            0.008789044804871082,
            0.19188106060028076,
            -0.005517754703760147
          ],
          "qpos": [
            1.3447842597961426,
            0.17399999499320984,
            0.7267010807991028,
            0.9095285534858704,
            1.077856183052063,
            0.23922064900398254,
            0.8737874031066895,
            0.5770143270492554,
            0.1694868803024292,
            0.31115564703941345,
            0.35517656803131104,
            0.19585466384887695
          ]
        },
        "grasp": {
          "ee_pose_wxyz": [
            0.03284383937716484,
            0.012790386565029621,
            0.9145290851593018,
            0.9749594926834106,
            0.06599244475364685,
            0.20478849112987518,
            -0.056219346821308136
          ],
          "qpos": [
            1.4796686172485352,
            0.08220593631267548,
            0.7662469744682312,
            0.9333941340446472,
            1.091506838798523,
            0.43770503997802734,
            1.026262879371643,
            0.7501965761184692,
            0.1978910267353058,
            0.12571042776107788,
            0.37855902314186096,
            0.2246953248977661
          ]
        },
        "lift": {
          "ee_pose_wxyz": [
            0.03284383937716484,
            0.012790386565029621,
            0.9145290851593018,
            0.9749594926834106,
            0.06599244475364685,
            0.20478849112987518,
            -0.056219346821308136
          ],
          "qpos": [
            1.6145529747009277,
            -0.009588122367858887,
            0.8057928681373596,
            0.9572597146034241,
            1.105157494544983,
            0.6361894607543945,
            1.1787383556365967,
            0.9233788251876831,
            0.22629517316818237,
            -0.05973479151725769,
            0.4019414782524109,
            0.2535359859466553
          ]
        }
      }
    },
    {
      "rank": 1,
      "raw_index": 1,
      "tag": "feasible",
      "ik_rank": 1,
      "gen_source": "bodex",
      "feasible": true,
      "render_time_sec": 2.78,
      "stages": {
        "approach": {
          "ee_pose_wxyz": [
            0.03557800501585007,
            0.016485175117850304,
            0.9164569973945618,
            0.9830300211906433,
            0.006833616178482771,
            0.17452183365821838,
            -0.056100837886333466
          ],
          "qpos": [
            1.3817236423492432,
            0.07988248765468597,
            0.7521522045135498,
            0.9258248805999756,
            1.096619725227356,
            0.23251616954803467,
            0.9280338287353516,
            0.6036129593849182,
            0.2074158638715744,
            0.35177162289619446,
            0.2001665085554123,
            0.1712247133255005
          ]
        },
        "grasp": {
          "ee_pose_wxyz": [
            0.03578988090157509,
            0.01602325029671192,
            0.9135289788246155,
            0.9756341576576233,
            0.03671678900718689,
            0.18967099487781525,
            -0.10399405658245087
          ],
          "qpos": [
            1.477476716041565,
            -0.037466179579496384,
            0.8083961606025696,
            0.9653120636940002,
            1.1184399127960205,
            0.44099268317222595,
            1.0396498441696167,
            0.7298332452774048,
            0.2540961802005768,
            0.22246615588665009,
            0.2218615710735321,
            0.17305141687393188
          ]
        },
        "lift": {
          "ee_pose_wxyz": [
            0.03578988090157509,
            0.01602325029671192,
            0.9135289788246155,
            0.9756341576576233,
            0.03671678900718689,
            0.18967099487781525,
            -0.10399405658245087
          ],
          "qpos": [
            1.5732297897338867,
            -0.15481485426425934,
            0.8646401166915894,
            1.004799246788025,
            1.140260100364685,
            0.6494691967964172,
            1.1512658596038818,
            0.8560535311698914,
            0.30077648162841797,
            0.09316068887710571,
            0.24355663359165192,
            0.17487812042236328
          ]
        }
      }
    },
    {
      "rank": 2,
      "raw_index": 2,
      "tag": "feasible",
      "ik_rank": 2,
      "gen_source": "bodex",
      "feasible": true,
      "render_time_sec": 2.47,
      "stages": {
        "approach": {
          "ee_pose_wxyz": [
            0.07219955325126648,
            -0.05637681111693382,
            0.8832460045814514,
            0.6128588914871216,
            0.025008369237184525,
            0.4122297167778015,
            -0.6736804246902466
          ],
          "qpos": [
            1.2728688716888428,
            0.060044266283512115,
            0.7654735445976257,
            0.8821545839309692,
            0.9939779043197632,
            0.2759007215499878,
            0.8688279986381531,
            0.5009192228317261,
            0.36892402172088623,
            0.20731572806835175,
            0.3370797038078308,
            0.31841787695884705
          ]
        },
        "grasp": {
          "ee_pose_wxyz": [
            0.07441210746765137,
            -0.05877978354692459,
            0.8806880116462708,
            0.572364330291748,
            0.04578343778848648,
            0.4168453812599182,
            -0.7046579122543335
          ],
          "qpos": [
            1.3934346437454224,
            -0.06289750337600708,
            0.7985735535621643,
            0.9224103093147278,
            1.0455976724624634,
            0.44752568006515503,
            0.9426253437995911,
            0.6221700310707092,
            0.32878682017326355,
            0.12976102530956268,
            0.3950389325618744,
            0.36970260739326477
          ]
        },
        "lift": {
          "ee_pose_wxyz": [
            0.07441210746765137,
            -0.05877978354692459,
            0.8806880116462708,
            0.572364330291748,
            0.04578343778848648,
            0.4168453812599182,
            -0.7046579122543335
          ],
          "qpos": [
            1.514000415802002,
            -0.18583926558494568,
            0.8316735625267029,
            0.9626660346984863,
            1.0972174406051636,
            0.6191506385803223,
            1.0164227485656738,
            0.7434208393096924,
            0.28864961862564087,
            0.05220632255077362,
            0.45299816131591797,
            0.4209873378276825
          ]
        }
      }
    },
    {
      "rank": 3,
      "raw_index": 3,
      "tag": "feasible",
      "ik_rank": 3,
      "gen_source": "bodex",
      "feasible": true,
      "render_time_sec": 2.3,
      "stages": {
        "approach": {
          "ee_pose_wxyz": [
            0.038953185081481934,
            0.01391817070543766,
            0.9147998094558716,
            0.9673497676849365,
            0.0070088389329612255,
            0.23319248855113983,
            -0.09902705997228622
          ],