{
  "object_name": "dumbbell__002",
  "object_class": "dumbbell",
  "source": "bodex",
  "object_scale": 0.0674,
  "rollout_success": false,
  "n_total": 200,
  "n_feasible": 200,
  "top_candidates": [
    {
      "rank": 0,
      "raw_index": 0,
      "tag": "feasible",
      "ik_rank": 0,
      "gen_source": "bodex",
      "feasible": true,
      "render_time_sec": 2.42,
      "stages": {
        "approach": {
          "ee_pose_wxyz": [
            -0.0068461536429822445,
            0.08401349931955338,
            0.3961838185787201,
            0.9158294796943665,
            -0.40001052618026733,
            -0.005704332608729601,
            0.034863006323575974
          ],
          "qpos": [
            1.8320000171661377,
            0.13895642757415771,
            0.5367045998573303,
            0.7373366355895996,
            0.9563798308372498,
            -0.15433472394943237,
            0.4903121590614319,
            0.23233149945735931,
            0.3559560477733612,
            0.23393036425113678,
            0.41835907101631165,
            0.040516797453165054
          ]
        },
        "grasp": {
          "ee_pose_wxyz": [
            -0.006288367789238691,
            0.08700700849294662,
            0.38221701979637146,
            0.9079762101173401,
            -0.4177526533603668,
            0.008656279183924198,
            0.031418222934007645
          ],
          "qpos": [
            1.8320000171661377,
            -0.015215032733976841,
            0.5557854771614075,
            0.727302074432373,
            0.8898360729217529,
            0.03929654136300087,
            0.5964065790176392,
            0.2971184253692627,
            0.3374764919281006,
            0.15336428582668304,
            0.5260774493217468,
            0.0
          ]
        },
        "lift": {
          "ee_pose_wxyz": [
            -0.006288367789238691,
            0.08700700849294662,
            0.38221701979637146,
            0.9079762101173401,
            -0.4177526533603668,
            0.008656279183924198,
            0.031418222934007645
          ],
          "qpos": [
            1.8320000171661377,
            -0.16938650608062744,
            0.5748663544654846,
            0.7172675132751465,
            0.8232923150062561,
            0.23292779922485352,
            0.7025009989738464,
            0.3619053363800049,
            0.31899693608283997,
            0.07279820740222931,
            0.6337958574295044,
            -0.040516797453165054
          ]
        }
      }
    },
    {
      "rank": 1,
      "raw_index": 1,
      "tag": "feasible",
      "ik_rank": 1,
      "gen_source": "bodex",
      "feasible": true,
      "render_time_sec": 2.16,
      "stages": {
        "approach": {
          "ee_pose_wxyz": [
            0.03861567750573158,
            0.047189321368932724,
            0.436510294675827,
            0.9765122532844543,
            -0.08680156618356705,
            0.17449811100959778,
            -0.09186792373657227
          ],
          "qpos": [
            1.8320000171661377,
            -0.02933685854077339,
            0.6127816438674927,
            0.7979900240898132,
            1.1552618741989136,
            -0.08080773800611496,
            0.6059495210647583,
            0.2699795663356781,
            0.38619720935821533,
            0.2300969958305359,
            0.2829671800136566,
            0.08690237253904343
          ]
        },
        "grasp": {
          "ee_pose_wxyz": [
            0.03695834428071976,
            0.05126418545842171,
            0.43123579025268555,
            0.9731014966964722,
            -0.06895358860492706,
            0.186525359749794,
            -0.11630620062351227
          ],
          "qpos": [
            1.8320000171661377,
            -0.03894806280732155,
            0.6198849678039551,
            0.7969614863395691,
            1.1690442562103271,
            0.15417352318763733,
            0.6638289093971252,
            0.2988940179347992,
            0.36113494634628296,
            0.15778835117816925,
            0.3532511293888092,
            0.020544428378343582
          ]
        },
        "lift": {
          "ee_pose_wxyz": [
            0.03695834428071976,
            0.05126418545842171,
            0.43123579025268555,
            0.9731014966964722,
            -0.06895358860492706,
            0.186525359749794,
            -0.11630620062351227
          ],
          "qpos": [
            1.8320000171661377,
            -0.048559267073869705,
            0.6269882917404175,
            0.795932948589325,
            1.1828266382217407,
            0.3891547918319702,
            0.7217082977294922,
            0.3278084695339203,
            0.3360726833343506,
            0.08547970652580261,
            0.4235350787639618,
            -0.045813512057065964
          ]
        }
      }
    },
    {
      "rank": 2,
      "raw_index": 2,
      "tag": "feasible",
      "ik_rank": 2,
      "gen_source": "bodex",
      "feasible": true,
      "render_time_sec": 2.01,
      "stages": {
        "approach": {
          "ee_pose_wxyz": [
            -0.01879034750163555,
            -0.01901032216846943,
            0.45669621229171753,
            0.91193687915802,
            0.09006445854902267,
            0.06796319782733917,
            -0.39451315999031067
          ],
          "qpos": [
            1.1337525844573975,
            0.1724136918783188,
            0.7926313281059265,
            0.9904033541679382,
            1.2632808685302734,
            0.5408100485801697,
            0.9577544927597046,
            0.6088509559631348,
            0.12896332144737244,
            0.47200238704681396,
            0.4208129942417145,
            0.31780463457107544
          ]
        },
        "grasp": {
          "ee_pose_wxyz": [
            -0.01617390662431717,
            -0.016411270946264267,
            0.45584458112716675,
            0.8675357699394226,
            0.12055744975805283,
            0.03853071480989456,
            -0.48100194334983826
          ],
          "qpos": [
            1.2949717044830322,
            0.1367366760969162,
            0.8744916319847107,
            1.0400466918945312,
            1.1954572200775146,
            0.6841011047363281,
            1.1279841661453247,
            0.7180228233337402,
            0.16170364618301392,
            0.28421202301979065,
            0.3655382990837097,
            0.4175613820552826
          ]
        },
        "lift": {
          "ee_pose_wxyz": [
            -0.01617390662431717,
            -0.016411270946264267,
            0.45584458112716675,
            0.8675357699394226,
            0.12055744975805283,
            0.03853071480989456,
            -0.48100194334983826
          ],
          "qpos": [
            1.456190824508667,
            0.10105966031551361,
            0.9563519358634949,
            1.0896899700164795,
            1.1276335716247559,
            0.8273921608924866,
            1.2982138395309448,
            0.8271946907043457,
            0.1944439709186554,
            0.09642165899276733,
            0.31026360392570496,
            0.5173181295394897
          ]
        }
      }
    },
    {
      "rank": 3,
      "raw_index": 3,
      "tag": "feasible",
      "ik_rank": 3,
      "gen_source": "bodex",
      "feasible": true,
      "render_time_sec": 2.29,
      "stages": {
        "approach": {
          "ee_pose_wxyz": [
            -0.019557276740670204,
            -0.0349554717540741,
            0.4575957655906677,
            0.8653406500816345,
            0.1464642882347107,
            0.05954786762595177,
            -0.4755919277667999
          ],