{
  "object_name": "wine_cork__007",
  "object_class": "wine_cork",
  "source": "bodex",
  "object_scale": 0.0716,
  "rollout_success": false,
  "n_total": 200,
  "n_feasible": 200,
  "top_candidates": [
    {
      "rank": 0,
      "raw_index": 0,
      "tag": "feasible",
      "ik_rank": 0,
      "gen_source": "bodex",
      "feasible": true,
      "render_time_sec": 2.22,
      "stages": {
        "approach": {
          "ee_pose_wxyz": [
            0.04794834181666374,
            -0.015837186947464943,
            0.943488359451294,
            0.8464564681053162,
            0.044929277151823044,
            0.22401154041290283,
            -0.4809487760066986
          ],
          "qpos": [
            1.2290970087051392,
            0.09074221551418304,
            0.8405842185020447,
            1.0217710733413696,
            1.245164155960083,
            0.3103470504283905,
            0.8818680047988892,
            0.5807655453681946,
            0.3755759596824646,
            0.28777649998664856,
            0.5644097924232483,
            0.370238333940506
          ]
        },
        "grasp": {
          "ee_pose_wxyz": [
            0.04909628629684448,
            -0.013895582407712936,
            0.9425739049911499,
            0.8061826825141907,
            0.0736277848482132,
            0.20696720480918884,
            -0.5493752360343933
          ],
          "qpos": [
            1.4052510261535645,
            -0.04844016581773758,
            0.8643374443054199,
            1.0454961061477661,
            1.2214540243148804,
            0.45947760343551636,
            0.982588529586792,
            0.7362139225006104,
            0.35037311911582947,
            0.15698857605457306,
            0.6339195370674133,
            0.42578908801078796
          ]
        },
        "lift": {
          "ee_pose_wxyz": [
            0.04909628629684448,
            -0.013895582407712936,
            0.9425739049911499,
            0.8061826825141907,
            0.0736277848482132,
            0.20696720480918884,
            -0.5493752360343933
          ],
          "qpos": [
            1.5814050436019897,
            -0.1876225471496582,
            0.8880906701087952,
            1.0692211389541626,
            1.1977438926696777,
            0.6086081266403198,
            1.0833090543746948,
            0.8916622996330261,
            0.32517027854919434,
            0.02620065212249756,
            0.7034292817115784,
            0.48133984208106995
          ]
        }
      }
    },
    {
      "rank": 1,
      "raw_index": 1,
      "tag": "feasible",
      "ik_rank": 1,
      "gen_source": "bodex",
      "feasible": true,
      "render_time_sec": 2.46,
      "stages": {
        "approach": {
          "ee_pose_wxyz": [
            -0.09774263203144073,
            -0.02443600259721279,
            0.8911306858062744,
            0.7463290095329285,
            0.40644580125808716,
            -0.4065321087837219,
            -0.33544987440109253
          ],
          "qpos": [
            1.2953476905822754,
            0.0010273084044456482,
            0.8554953336715698,
            1.0095205307006836,
            1.154738187789917,
            0.30255380272865295,
            0.839033842086792,
            0.5613408088684082,
            0.4184219539165497,
            0.2764447331428528,
            0.4264141619205475,
            0.29474177956581116
          ]
        },
        "grasp": {
          "ee_pose_wxyz": [
            -0.09911896288394928,
            -0.017500095069408417,
            0.8876831531524658,
            0.7379023432731628,
            0.4197516143321991,
            -0.42141494154930115,
            -0.31893274188041687
          ],
          "qpos": [
            1.3365398645401,
            -0.010255459696054459,
            0.8867374062538147,
            1.0514873266220093,
            1.2154194116592407,
            0.4874628484249115,
            0.8896475434303284,
            0.6320210099220276,
            0.43659406900405884,
            0.2524815499782562,
            0.5431763529777527,
            0.30683112144470215
          ]
        },
        "lift": {
          "ee_pose_wxyz": [
            -0.09911896288394928,
            -0.017500095069408417,
            0.8876831531524658,
            0.7379023432731628,
            0.4197516143321991,
            -0.42141494154930115,
            -0.31893274188041687
          ],
          "qpos": [
            1.3777320384979248,
            -0.021538227796554565,
            0.9179794788360596,
            1.093454122543335,
            1.2761006355285645,
            0.6723718643188477,
            0.9402612447738647,
            0.702701210975647,
            0.454766184091568,
            0.22851836681365967,
            0.6599385738372803,
            0.31892046332359314
          ]
        }
      }
    },
    {
      "rank": 2,
      "raw_index": 2,
      "tag": "feasible",
      "ik_rank": 2,
      "gen_source": "bodex",
      "feasible": true,
      "render_time_sec": 2.73,
      "stages": {
        "approach": {
          "ee_pose_wxyz": [
            -0.0991937667131424,
            -0.026743685826659203,
            0.8871791958808899,
            0.7469999194145203,
            0.4083452820777893,
            -0.40972059965133667,
            -0.3276800513267517
          ],
          "qpos": [
            1.2537401914596558,
            -0.03012707270681858,
            0.8657474517822266,
            1.0171726942062378,
            1.1641284227371216,
            0.3258325755596161,
            0.8565629720687866,
            0.5803837776184082,
            0.4219276010990143,
            0.3137797713279724,
            0.38041529059410095,
            0.31997740268707275
          ]
        },
        "grasp": {
          "ee_pose_wxyz": [
            -0.098459392786026,
            -0.01947063021361828,
            0.8862994313240051,
            0.7461621761322021,
            0.41796308755874634,
            -0.41312798857688904,
            -0.31284862756729126
          ],
          "qpos": [
            1.292940616607666,
            -0.038942523300647736,
            0.8920004963874817,
            1.058915138244629,
            1.2162973880767822,
            0.5191879868507385,
            0.9011107683181763,
            0.6234889626502991,
            0.44704583287239075,
            0.2919355034828186,
            0.502826452255249,
            0.31703364849090576
          ]
        },
        "lift": {
          "ee_pose_wxyz": [
            -0.098459392786026,
            -0.01947063021361828,
            0.8862994313240051,
            0.7461621761322021,
            0.41796308755874634,
            -0.41312798857688904,
            -0.31284862756729126
          ],
          "qpos": [
            1.3321410417556763,
            -0.04775797575712204,
            0.9182535409927368,
            1.10065758228302,
            1.2684663534164429,
            0.7125433683395386,
            0.9456585645675659,
            0.6665941476821899,
            0.4721640646457672,
            0.2700912356376648,
            0.6252375841140747,
            0.31408989429473877
          ]
        }
      }
    },
    {
      "rank": 3,
      "raw_index": 3,
      "tag": "feasible",
      "ik_rank": 3,
      "gen_source": "bodex",
      "feasible": true,
      "render_time_sec": 2.58,
      "stages": {
        "approach": {
          "ee_pose_wxyz": [
            -0.0941212996840477,
            -0.011786259710788727,
            0.8973806500434875,
            0.7983108162879944,
            0.3211309611797333,
            -0.42417338490486145,
            -0.2822267413139343
          ],