{
  "object_name": "staplers__003",
  "object_class": "staplers",
  "source": "bodex",
  "object_scale": 0.066,
  "rollout_success": false,
  "n_total": 200,
  "n_feasible": 200,
  "top_candidates": [
    {
      "rank": 0,
      "raw_index": 0,
      "tag": "feasible",
      "ik_rank": 0,
      "gen_source": "bodex",
      "feasible": true,
      "render_time_sec": 2.38,
      "stages": {
        "approach": {
          "ee_pose_wxyz": [
            0.08589056134223938,
            0.011122946627438068,
            0.9810112118721008,
            0.8356421589851379,
            -0.06275168806314468,
            0.45581021904945374,
            -0.3000025749206543
          ],
          "qpos": [
            1.153565764427185,
            0.029965117573738098,
            0.7294352650642395,
            0.9519279599189758,
            1.1772470474243164,
            0.6227896213531494,
            0.7225545048713684,
            0.25735563039779663,
            0.4364398717880249,
            0.27910473942756653,
            0.529533863067627,
            0.30692580342292786
          ]
        },
        "grasp": {
          "ee_pose_wxyz": [
            0.08382894098758698,
            0.022369451820850372,
            0.9719287157058716,
            0.8167961239814758,
            -0.1035986989736557,
            0.4206743538379669,
            -0.380978524684906
          ],
          "qpos": [
            1.3665963411331177,
            -0.03770444542169571,
            0.8077829480171204,
            0.97892826795578,
            1.219812035560608,
            0.7609671354293823,
            0.8243374824523926,
            0.34338849782943726,
            0.523225724697113,
            0.22220288217067719,
            0.5227469801902771,
            0.3794668912887573
          ]
        },
        "lift": {
          "ee_pose_wxyz": [
            0.08382894098758698,
            0.022369451820850372,
            0.9719287157058716,
            0.8167961239814758,
            -0.1035986989736557,
            0.4206743538379669,
            -0.380978524684906
          ],
          "qpos": [
            1.5796269178390503,
            -0.10537400841712952,
            0.8861306309700012,
            1.0059285163879395,
            1.2623770236968994,
            0.8991446495056152,
            0.9261204600334167,
            0.4294213652610779,
            0.6100115776062012,
            0.16530102491378784,
            0.5159600973129272,
            0.4520079791545868
          ]
        }
      }
    },
    {
      "rank": 1,
      "raw_index": 1,
      "tag": "feasible",
      "ik_rank": 1,
      "gen_source": "bodex",
      "feasible": true,
      "render_time_sec": 3.03,
      "stages": {
        "approach": {
          "ee_pose_wxyz": [
            0.020458893850445747,
            0.08324670791625977,
            0.942007303237915,
            0.8625243306159973,
            -0.3611906170845032,
            0.30559825897216797,
            0.17945116758346558
          ],
          "qpos": [
            1.2363793849945068,
            -0.034270208328962326,
            0.7521867752075195,
            0.9171595573425293,
            1.0810582637786865,
            0.464030385017395,
            0.7149205207824707,
            0.3314986228942871,
            0.31361523270606995,
            0.34400367736816406,
            0.441045880317688,
            0.34535616636276245
          ]
        },
        "grasp": {
          "ee_pose_wxyz": [
            0.007224638480693102,
            0.08739303797483444,
            0.9351279735565186,
            0.8646193146705627,
            -0.3809901177883148,
            0.27921733260154724,
            0.1712237000465393
          ],
          "qpos": [
            1.3263933658599854,
            -0.04167380556464195,
            0.8199527859687805,
            0.9567267298698425,
            1.0787752866744995,
            0.6400300860404968,
            0.8125923275947571,
            0.35181546211242676,
            0.3638780117034912,
            0.29917842149734497,
            0.49790048599243164,
            0.4190496504306793
          ]
        },
        "lift": {
          "ee_pose_wxyz": [
            0.007224638480693102,
            0.08739303797483444,
            0.9351279735565186,
            0.8646193146705627,
            -0.3809901177883148,
            0.27921733260154724,
            0.1712237000465393
          ],
          "qpos": [
            1.4164073467254639,
            -0.04907740280032158,
            0.8877187967300415,
            0.9962939023971558,
            1.0764923095703125,
            0.8160297870635986,
            0.9102641344070435,
            0.3721323013305664,
            0.4141407907009125,
            0.2543531656265259,
            0.5547550916671753,
            0.4927431344985962
          ]
        }
      }
    },
    {
      "rank": 2,
      "raw_index": 2,
      "tag": "feasible",
      "ik_rank": 2,
      "gen_source": "bodex",
      "feasible": true,
      "render_time_sec": 2.8,
      "stages": {
        "approach": {
          "ee_pose_wxyz": [
            -0.014889832586050034,
            -0.013243990950286388,
            1.0191611051559448,
            0.8509544134140015,
            0.19505713880062103,
            -0.010975081473588943,
            -0.48755377531051636
          ],
          "qpos": [
            1.253231406211853,
            0.0021511325612664223,
            0.8661019802093506,
            1.0263274908065796,
            1.183993935585022,
            0.4913480579853058,
            0.8190892934799194,
            0.48983484506607056,
            0.3832460939884186,
            0.2767464816570282,
            0.5448176264762878,
            0.26819491386413574
          ]
        },
        "grasp": {
          "ee_pose_wxyz": [
            -0.02156377211213112,
            -0.000544570037163794,
            1.0153601169586182,
            0.8089959621429443,
            0.21326616406440735,
            -0.08097168803215027,
            -0.5417442321777344
          ],
          "qpos": [
            1.357305645942688,
            -0.04557127505540848,
            0.904276430606842,
            1.06296968460083,
            1.2148574590682983,
            0.659038782119751,
            0.9458484649658203,
            0.6206886768341064,
            0.42105159163475037,
            0.14657007157802582,
            0.5862127542495728,
            0.31992241740226746
          ]
        },
        "lift": {
          "ee_pose_wxyz": [
            -0.02156377211213112,
            -0.000544570037163794,
            1.0153601169586182,
            0.8089959621429443,
            0.21326616406440735,
            -0.08097168803215027,
            -0.5417442321777344
          ],
          "qpos": [
            1.461379885673523,
            -0.0932936817407608,
            0.9424508810043335,
            1.0996118783950806,
            1.2457209825515747,
            0.8267295360565186,
            1.0726076364517212,
            0.7515425086021423,
            0.45885708928108215,
            0.016393661499023438,
            0.6276078820228577,
            0.37164992094039917
          ]
        }
      }
    },
    {
      "rank": 3,
      "raw_index": 3,
      "tag": "feasible",
      "ik_rank": 3,
      "gen_source": "bodex",
      "feasible": true,
      "render_time_sec": 2.63,
      "stages": {
        "approach": {
          "ee_pose_wxyz": [
            0.031205451115965843,
            -0.09362718462944031,
            0.9344943165779114,
            0.7444730997085571,
            0.6262901425361633,
            0.1133265346288681,
            0.20168697834014893
          ],