{
  "object_name": "wood_planer__003",
  "object_class": "wood_planer",
  "source": "bodex",
  "object_scale": 0.1,
  "rollout_success": false,
  "n_total": 200,
  "n_feasible": 200,
  "top_candidates": [
    {
      "rank": 0,
      "raw_index": 0,
      "tag": "feasible",
      "ik_rank": 0,
      "gen_source": "bodex",
      "feasible": true,
      "render_time_sec": 2.85,
      "stages": {
        "approach": {
          "ee_pose_wxyz": [
            0.07014893740415573,
            -0.0059359208680689335,
            0.6708583235740662,
            0.9328771233558655,
            0.1921508014202118,
            0.2517750561237335,
            0.1715451329946518
          ],
          "qpos": [
            1.8038936853408813,
            0.06791933625936508,
            0.9368289709091187,
            1.0042080879211426,
            1.0722075700759888,
            0.3520854115486145,
            1.0071663856506348,
            0.44977089762687683,
            0.4033944010734558,
            0.31052204966545105,
            0.5163295269012451,
            0.3460046052932739
          ]
        },
        "grasp": {
          "ee_pose_wxyz": [
            0.05958294868469238,
            -0.0064511727541685104,
            0.6716641783714294,
            0.9328622221946716,
            0.1970418393611908,
            0.24453984200954437,
            0.1764732152223587
          ],
          "qpos": [
            1.7395098209381104,
            -0.07326758652925491,
            0.9540465474128723,
            1.0561001300811768,
            1.157820463180542,
            0.5213330984115601,
            1.0651189088821411,
            0.5235618352890015,
            0.4208206236362457,
            0.2680451571941376,
            0.5571712255477905,
            0.34258782863616943
          ]
        },
        "lift": {
          "ee_pose_wxyz": [
            0.05958294868469238,
            -0.0064511727541685104,
            0.6716641783714294,
            0.9328622221946716,
            0.1970418393611908,
            0.24453984200954437,
            0.1764732152223587
          ],
          "qpos": [
            1.6751259565353394,
            -0.2144545018672943,
            0.971264123916626,
            1.107992172241211,
            1.2434333562850952,
            0.6905807852745056,
            1.1230714321136475,
            0.5973527431488037,
            0.43824684619903564,
            0.2255682647228241,
            0.5980129241943359,
            0.33917105197906494
          ]
        }
      }
    },
    {
      "rank": 1,
      "raw_index": 1,
      "tag": "feasible",
      "ik_rank": 1,
      "gen_source": "bodex",
      "feasible": true,
      "render_time_sec": 2.69,
      "stages": {
        "approach": {
          "ee_pose_wxyz": [
            -0.03144468367099762,
            -0.09644817560911179,
            0.6382514834403992,
            0.7278227210044861,
            0.4684789180755615,
            -0.42341116070747375,
            0.2674407958984375
          ],
          "qpos": [
            1.2541121244430542,
            -0.04291491582989693,
            0.8861695528030396,
            1.057099461555481,
            1.3046159744262695,
            0.13787351548671722,
            0.9202563166618347,
            0.3810950517654419,
            0.5138491988182068,
            0.45658019185066223,
            0.31308799982070923,
            0.42082908749580383
          ]
        },
        "grasp": {
          "ee_pose_wxyz": [
            -0.03348621726036072,
            -0.09628187865018845,
            0.6408292055130005,
            0.7313326001167297,
            0.5426093339920044,
            -0.3556169271469116,
            0.21039049327373505
          ],
          "qpos": [
            1.451686978340149,
            -0.07674753665924072,
            0.923383891582489,
            1.061549425125122,
            1.2082034349441528,
            0.28254932165145874,
            1.0388264656066895,
            0.4754338264465332,
            0.44273945689201355,
            0.3328903615474701,
            0.3462706208229065,
            0.5015863180160522
          ]
        },
        "lift": {
          "ee_pose_wxyz": [
            -0.03348621726036072,
            -0.09628187865018845,
            0.6408292055130005,
            0.7313326001167297,
            0.5426093339920044,
            -0.3556169271469116,
            0.21039049327373505
          ],
          "qpos": [
            1.6492618322372437,
            -0.11058016121387482,
            0.9605982303619385,
            1.0659993886947632,
            1.1117908954620361,
            0.42722511291503906,
            1.1573965549468994,
            0.5697726011276245,
            0.3716297149658203,
            0.20920053124427795,
            0.37945324182510376,
            0.582343578338623
          ]
        }
      }
    },
    {
      "rank": 2,
      "raw_index": 2,
      "tag": "feasible",
      "ik_rank": 2,
      "gen_source": "bodex",
      "feasible": true,
      "render_time_sec": 2.76,
      "stages": {
        "approach": {
          "ee_pose_wxyz": [
            -0.008555304259061813,
            0.10115503519773483,
            0.6491233706474304,
            0.861503005027771,
            -0.43992358446121216,
            -0.21111123263835907,
            -0.14039847254753113
          ],
          "qpos": [
            1.4341363906860352,
            0.16198909282684326,
            0.7612476944923401,
            0.9332253336906433,
            1.1291241645812988,
            0.2433871328830719,
            0.9074164032936096,
            0.32215386629104614,
            0.3265388607978821,
            0.39525964856147766,
            0.23300711810588837,
            0.2235608696937561
          ]
        },
        "grasp": {
          "ee_pose_wxyz": [
            -0.01408799272030592,
            0.09902771562337875,
            0.648025393486023,
            0.877143919467926,
            -0.3801238238811493,
            -0.2544296383857727,
            -0.1462533175945282
          ],
          "qpos": [
            1.5385992527008057,
            -0.030747065320611,
            0.8477558493614197,
            0.9879605770111084,
            1.1222234964370728,
            0.4091116189956665,
            1.0037070512771606,
            0.41173478960990906,
            0.29154038429260254,
            0.30667194724082947,
            0.23638689517974854,
            0.30854761600494385
          ]
        },
        "lift": {
          "ee_pose_wxyz": [
            -0.01408799272030592,
            0.09902771562337875,
            0.648025393486023,
            0.877143919467926,
            -0.3801238238811493,
            -0.2544296383857727,
            -0.1462533175945282
          ],
          "qpos": [
            1.6430621147155762,
            -0.22348323464393616,
            0.9342640042304993,
            1.0426957607269287,
            1.1153228282928467,
            0.5748361349105835,
            1.0999977588653564,
            0.501315712928772,
            0.256541907787323,
            0.21808424592018127,
            0.2397666722536087,
            0.3935343623161316
          ]
        }
      }
    },
    {
      "rank": 3,
      "raw_index": 3,
      "tag": "feasible",
      "ik_rank": 3,
      "gen_source": "bodex",
      "feasible": true,
      "render_time_sec": 2.56,
      "stages": {
        "approach": {
          "ee_pose_wxyz": [
            -0.0033014845103025436,
            0.10832026600837708,
            0.6362030506134033,
            0.8287079334259033,
            -0.4772126078605652,
            -0.24142159521579742,
            -0.16500598192214966
          ],