{
  "object_name": "wine_cork__003",
  "object_class": "wine_cork",
  "source": "bodex",
  "object_scale": 0.0776,
  "rollout_success": false,
  "n_total": 200,
  "n_feasible": 200,
  "top_candidates": [
    {
      "rank": 0,
      "raw_index": 0,
      "tag": "feasible",
      "ik_rank": 0,
      "gen_source": "bodex",
      "feasible": true,
      "render_time_sec": 2.75,
      "stages": {
        "approach": {
          "ee_pose_wxyz": [
            0.08384504914283752,
            -0.04581594839692116,
            0.8506559729576111,
            0.8320296406745911,
            0.2918219268321991,
            0.47176751494407654,
            -0.0014839523937553167
          ],
          "qpos": [
            1.49977707862854,
            0.08734911680221558,
            0.7308636903762817,
            0.8860777616500854,
            1.0341626405715942,
            0.1861494779586792,
            0.8410017490386963,
            0.5194806456565857,
            0.16474758088588715,
            0.3156454563140869,
            0.16513535380363464,
            0.22461478412151337
          ]
        },
        "grasp": {
          "ee_pose_wxyz": [
            0.08252941817045212,
            -0.059941601008176804,
            0.8374811410903931,
            0.7841289639472961,
            0.38143619894981384,
            0.48832061886787415,
            -0.03451281040906906
          ],
          "qpos": [
            1.5322010517120361,
            0.07806436717510223,
            0.7977471947669983,
            0.9331929683685303,
            1.0592105388641357,
            0.3581615388393402,
            0.9879775643348694,
            0.648319661617279,
            0.18860958516597748,
            0.1612015813589096,
            0.14903511106967926,
            0.28716984391212463
          ]
        },
        "lift": {
          "ee_pose_wxyz": [
            0.08252941817045212,
            -0.059941601008176804,
            0.8374811410903931,
            0.7841289639472961,
            0.38143619894981384,
            0.48832061886787415,
            -0.03451281040906906
          ],
          "qpos": [
            1.5646250247955322,
            0.06877961754798889,
            0.8646306991577148,
            0.9803081750869751,
            1.0842584371566772,
            0.5301735997200012,
            1.1349533796310425,
            0.7771586775779724,
            0.2124715894460678,
            0.0067577064037323,
            0.13293486833572388,
            0.3497248888015747
          ]
        }
      }
    },
    {
      "rank": 1,
      "raw_index": 1,
      "tag": "feasible",
      "ik_rank": 1,
      "gen_source": "bodex",
      "feasible": true,
      "render_time_sec": 2.43,
      "stages": {
        "approach": {
          "ee_pose_wxyz": [
            0.012753757648169994,
            0.09355507791042328,
            0.8458912968635559,
            0.780389130115509,
            -0.40172240138053894,
            0.35696715116500854,
            0.31966617703437805
          ],
          "qpos": [
            1.3117486238479614,
            0.058179907500743866,
            0.6671856045722961,
            0.8484799861907959,
            1.0171380043029785,
            0.24134503304958344,
            0.8195623159408569,
            0.535570502281189,
            0.1792517602443695,
            0.2667544484138489,
            0.3945517838001251,
            0.13414829969406128
          ]
        },
        "grasp": {
          "ee_pose_wxyz": [
            0.011373801156878471,
            0.09784487634897232,
            0.8427497148513794,
            0.802393913269043,
            -0.39723318815231323,
            0.36323320865631104,
            0.2577427625656128
          ],
          "qpos": [
            1.4798612594604492,
            -0.018931517377495766,
            0.7224857211112976,
            0.8843494057655334,
            1.0398426055908203,
            0.41072943806648254,
            0.9383906722068787,
            0.7069328427314758,
            0.22169029712677002,
            0.10922309011220932,
            0.3994673192501068,
            0.16793635487556458
          ]
        },
        "lift": {
          "ee_pose_wxyz": [
            0.011373801156878471,
            0.09784487634897232,
            0.8427497148513794,
            0.802393913269043,
            -0.39723318815231323,
            0.36323320865631104,
            0.2577427625656128
          ],
          "qpos": [
            1.647973895072937,
            -0.0960429385304451,
            0.7777858376502991,
            0.920218825340271,
            1.062547206878662,
            0.5801138281822205,
            1.0572190284729004,
            0.8782951831817627,
            0.26412883400917053,
            -0.04830826073884964,
            0.4043828547000885,
            0.20172441005706787
          ]
        }
      }
    },
    {
      "rank": 2,
      "raw_index": 2,
      "tag": "feasible",
      "ik_rank": 2,
      "gen_source": "bodex",
      "feasible": true,
      "render_time_sec": 2.35,
      "stages": {
        "approach": {
          "ee_pose_wxyz": [
            0.0372367724776268,
            0.025168323889374733,
            0.8910656571388245,
            0.9776554107666016,
            -0.05802240967750549,
            0.2008773386478424,
            -0.021716730669140816
          ],
          "qpos": [
            1.4597746133804321,
            0.13420705497264862,
            0.7377214431762695,
            0.9204471111297607,
            1.0952702760696411,
            0.18122975528240204,
            0.8881350755691528,
            0.5109167695045471,
            0.2509768605232239,
            0.29700127243995667,
            0.2377443164587021,
            0.08743064105510712
          ]
        },
        "grasp": {
          "ee_pose_wxyz": [
            0.03720824792981148,
            0.0290889423340559,
            0.8869802355766296,
            0.9758830070495605,
            -0.03538468852639198,
            0.2053796947002411,
            -0.06495659798383713
          ],
          "qpos": [
            1.5708390474319458,
            -0.011905756779015064,
            0.8004388213157654,
            0.9584855437278748,
            1.1134127378463745,
            0.38889995217323303,
            1.0071619749069214,
            0.6761101484298706,
            0.2602342367172241,
            0.17732511460781097,
            0.24788488447666168,
            0.07383402436971664
          ]
        },
        "lift": {
          "ee_pose_wxyz": [
            0.03720824792981148,
            0.0290889423340559,
            0.8869802355766296,
            0.9758830070495605,
            -0.03538468852639198,
            0.2053796947002411,
            -0.06495659798383713
          ],
          "qpos": [
            1.6819034814834595,
            -0.1580185741186142,
            0.8631561994552612,
            0.9965239763259888,
            1.131555199623108,
            0.5965701341629028,
            1.12618887424469,
            0.8413035273551941,
            0.26949161291122437,
            0.05764895677566528,
            0.25802546739578247,
            0.06023740768432617
          ]
        }
      }
    },
    {
      "rank": 3,
      "raw_index": 3,
      "tag": "feasible",
      "ik_rank": 3,
      "gen_source": "bodex",
      "feasible": true,
      "render_time_sec": 2.23,
      "stages": {
        "approach": {
          "ee_pose_wxyz": [
            0.03158332034945488,
            0.05437047407031059,
            0.8886075019836426,
            0.9638333916664124,
            -0.19562683999538422,
            0.16838346421718597,
            -0.06634923815727234
          ],