{
  "object_name": "dumbbell__004",
  "object_class": "dumbbell",
  "source": "bodex",
  "object_scale": 0.0665,
  "rollout_success": false,
  "n_total": 200,
  "n_feasible": 200,
  "top_candidates": [
    {
      "rank": 0,
      "raw_index": 0,
      "tag": "feasible",
      "ik_rank": 0,
      "gen_source": "bodex",
      "feasible": true,
      "render_time_sec": 2.05,
      "stages": {
        "approach": {
          "ee_pose_wxyz": [
            0.016634158790111542,
            0.04740556329488754,
            0.43801191449165344,
            0.9853671789169312,
            -0.01029299572110176,
            0.1673564612865448,
            0.030617021024227142
          ],
          "qpos": [
            1.6111847162246704,
            0.1182909905910492,
            0.8406966328620911,
            0.922896683216095,
            1.0078401565551758,
            0.5043596029281616,
            0.8560791015625,
            0.4452822506427765,
            0.4208296239376068,
            0.06235053390264511,
            0.4707362949848175,
            0.21953058242797852
          ]
        },
        "grasp": {
          "ee_pose_wxyz": [
            0.007685368414968252,
            0.04539775475859642,
            0.4317246973514557,
            0.9759032726287842,
            -0.03619498759508133,
            0.16563047468662262,
            0.13736549019813538
          ],
          "qpos": [
            1.4670941829681396,
            0.08070047199726105,
            0.8882561326026917,
            1.0413329601287842,
            1.1905027627944946,
            0.6925584673881531,
            0.89199298620224,
            0.37629780173301697,
            0.5133888125419617,
            0.24905675649642944,
            0.5601204037666321,
            0.23145155608654022
          ]
        },
        "lift": {
          "ee_pose_wxyz": [
            0.007685368414968252,
            0.04539775475859642,
            0.4317246973514557,
            0.9759032726287842,
            -0.03619498759508133,
            0.16563047468662262,
            0.13736549019813538
          ],
          "qpos": [
            1.3230036497116089,
            0.0431099534034729,
            0.9358156323432922,
            1.1597692966461182,
            1.3731653690338135,
            0.8807573318481445,
            0.92790687084198,
            0.30731335282325745,
            0.6059479713439941,
            0.4357629716396332,
            0.649504542350769,
            0.24337252974510193
          ]
        }
      }
    },
    {
      "rank": 1,
      "raw_index": 1,
      "tag": "feasible",
      "ik_rank": 1,
      "gen_source": "bodex",
      "feasible": true,
      "render_time_sec": 2.3,
      "stages": {
        "approach": {
          "ee_pose_wxyz": [
            -0.0577743798494339,
            -0.01304562296718359,
            0.41722941398620605,
            0.8570712804794312,
            0.1997896134853363,
            -0.30880117416381836,
            -0.3607695698738098
          ],
          "qpos": [
            0.9188848733901978,
            -0.02129308506846428,
            0.7068555355072021,
            0.797907829284668,
            0.8886372447013855,
            -0.0745772197842598,
            0.8666133880615234,
            0.299887090921402,
            0.24011851847171783,
            0.23317940533161163,
            0.3170996904373169,
            0.3094748258590698
          ]
        },
        "grasp": {
          "ee_pose_wxyz": [
            -0.06031056120991707,
            -0.014731748029589653,
            0.4120224714279175,
            0.8478624224662781,
            0.24576963484287262,
            -0.32148173451423645,
            -0.34260186553001404
          ],
          "qpos": [
            1.0185627937316895,
            -0.09895972907543182,
            0.7438836097717285,
            0.8426262736320496,
            0.9417006373405457,
            0.10669457167387009,
            0.9168075919151306,
            0.37529897689819336,
            0.21813659369945526,
            0.18180392682552338,
            0.39645814895629883,
            0.35540440678596497
          ]
        },
        "lift": {
          "ee_pose_wxyz": [
            -0.06031056120991707,
            -0.014731748029589653,
            0.4120224714279175,
            0.8478624224662781,
            0.24576963484287262,
            -0.32148173451423645,
            -0.34260186553001404
          ],
          "qpos": [
            1.1182407140731812,
            -0.17662636935710907,
            0.7809116840362549,
            0.8873447179794312,
            0.9947640299797058,
            0.28796637058258057,
            0.9670017957687378,
            0.45071086287498474,
            0.1961546689271927,
            0.13042844831943512,
            0.47581660747528076,
            0.4013339877128601
          ]
        }
      }
    },
    {
      "rank": 2,
      "raw_index": 2,
      "tag": "feasible",
      "ik_rank": 2,
      "gen_source": "bodex",
      "feasible": true,
      "render_time_sec": 2.4,
      "stages": {
        "approach": {
          "ee_pose_wxyz": [
            0.012500686571002007,
            0.1004071906208992,
            0.4226021468639374,
            0.9614769220352173,
            -0.23310744762420654,
            0.14567893743515015,
            0.0008833208121359348
          ],
          "qpos": [
            1.4920200109481812,
            -0.041477497667074203,
            0.8300123810768127,
            0.9734139442443848,
            1.0995339155197144,
            0.4399367868900299,
            0.8008702993392944,
            0.42056119441986084,
            0.3574942946434021,
            0.2534978985786438,
            0.41409024596214294,
            0.38420185446739197
          ]
        },
        "grasp": {
          "ee_pose_wxyz": [
            0.006604967638850212,
            0.09313879907131195,
            0.4268239140510559,
            0.9757338166236877,
            -0.17106948792934418,
            0.13548076152801514,
            -0.01799202337861061
          ],
          "qpos": [
            1.4717947244644165,
            -0.04836172237992287,
            0.8771446347236633,
            1.014963150024414,
            1.1467334032058716,
            0.6306964755058289,
            0.9035143256187439,
            0.46693599224090576,
            0.41737568378448486,
            0.18635909259319305,
            0.478166401386261,
            0.43563079833984375
          ]
        },
        "lift": {
          "ee_pose_wxyz": [
            0.006604967638850212,
            0.09313879907131195,
            0.4268239140510559,
            0.9757338166236877,
            -0.17106948792934418,
            0.13548076152801514,
            -0.01799202337861061
          ],
          "qpos": [
            1.4515694379806519,
            -0.05524594709277153,
            0.9242768883705139,
            1.0565123558044434,
            1.1939328908920288,
            0.8214561939239502,
            1.0061583518981934,
            0.5133107900619507,
            0.4772570729255676,
            0.11922028660774231,
            0.5422425270080566,
            0.48705974221229553
          ]
        }
      }
    },
    {
      "rank": 3,
      "raw_index": 3,
      "tag": "feasible",
      "ik_rank": 3,
      "gen_source": "bodex",
      "feasible": true,
      "render_time_sec": 2.26,
      "stages": {
        "approach": {
          "ee_pose_wxyz": [
            0.0013842175249010324,
            0.07827766984701157,
            0.4319443106651306,
            0.9809662699699402,
            -0.12335138767957687,
            0.1253030002117157,
            0.08239331841468811
          ],