{
  "object_name": "dumbbell__006",
  "object_class": "dumbbell",
  "source": "bodex",
  "object_scale": 0.0675,
  "rollout_success": false,
  "n_total": 200,
  "n_feasible": 200,
  "top_candidates": [
    {
      "rank": 0,
      "raw_index": 0,
      "tag": "feasible",
      "ik_rank": 0,
      "gen_source": "bodex",
      "feasible": true,
      "render_time_sec": 2.07,
      "stages": {
        "approach": {
          "ee_pose_wxyz": [
            0.08500220626592636,
            -0.05275736004114151,
            0.9688628315925598,
            0.727486252784729,
            0.2560237944126129,
            0.5511212348937988,
            -0.3185606002807617
          ],
          "qpos": [
            1.4523637294769287,
            0.10299178212881088,
            0.6361587643623352,
            0.8053376078605652,
            1.0044656991958618,
            0.43711942434310913,
            0.9648589491844177,
            0.3800722062587738,
            0.1847943812608719,
            0.3354353606700897,
            0.36143195629119873,
            0.34103313088417053
          ]
        },
        "grasp": {
          "ee_pose_wxyz": [
            0.09085289388895035,
            -0.05255603417754173,
            0.9547958970069885,
            0.6797520518302917,
            0.25327298045158386,
            0.5864596962928772,
            -0.36035412549972534
          ],
          "qpos": [
            1.5554721355438232,
            -0.07993952929973602,
            0.7260888814926147,
            0.8959039449691772,
            1.0631786584854126,
            0.5552714467048645,
            1.1210010051727295,
            0.4513842463493347,
            0.14845094084739685,
            0.27543288469314575,
            0.3272942304611206,
            0.5133711099624634
          ]
        },
        "lift": {
          "ee_pose_wxyz": [
            0.09085289388895035,
            -0.05255603417754173,
            0.9547958970069885,
            0.6797520518302917,
            0.25327298045158386,
            0.5864596962928772,
            -0.36035412549972534
          ],
          "qpos": [
            1.6585805416107178,
            -0.2628708481788635,
            0.8160189986228943,
            0.9864702820777893,
            1.1218916177749634,
            0.6734234690666199,
            1.2771430015563965,
            0.5226962566375732,
            0.11210750043392181,
            0.21543040871620178,
            0.2931565046310425,
            0.6857091188430786
          ]
        }
      }
    },
    {
      "rank": 1,
      "raw_index": 1,
      "tag": "feasible",
      "ik_rank": 1,
      "gen_source": "bodex",
      "feasible": true,
      "render_time_sec": 2.12,
      "stages": {
        "approach": {
          "ee_pose_wxyz": [
            0.10275793820619583,
            0.012087168172001839,
            0.949589192867279,
            0.736617386341095,
            0.028865816071629524,
            0.6617789268493652,
            -0.1364196240901947
          ],
          "qpos": [
            1.46937894821167,
            0.17399999499320984,
            0.4993121027946472,
            0.6854578852653503,
            0.9304198622703552,
            0.42951712012290955,
            1.0813782215118408,
            0.2497902363538742,
            0.23002855479717255,
            0.30490365624427795,
            0.45257383584976196,
            0.309484601020813
          ]
        },
        "grasp": {
          "ee_pose_wxyz": [
            0.10548705607652664,
            0.01611042208969593,
            0.9334557056427002,
            0.7033820152282715,
            0.01551074255257845,
            0.6973390579223633,
            -0.13686203956604004
          ],
          "qpos": [
            1.5088261365890503,
            -0.01623782515525818,
            0.552649199962616,
            0.7939512133598328,
            1.0695343017578125,
            0.5215613842010498,
            1.2259972095489502,
            0.25825250148773193,
            0.2512013018131256,
            0.31453803181648254,
            0.4534856379032135,
            0.47592222690582275
          ]
        },
        "lift": {
          "ee_pose_wxyz": [
            0.10548705607652664,
            0.01611042208969593,
            0.9334557056427002,
            0.7033820152282715,
            0.01551074255257845,
            0.6973390579223633,
            -0.13686203956604004
          ],
          "qpos": [
            1.5482733249664307,
            -0.2064756453037262,
            0.6059862971305847,
            0.9024445414543152,
            1.208648681640625,
            0.6136056184768677,
            1.3706161975860596,
            0.26671475172042847,
            0.2723740339279175,
            0.32417240738868713,
            0.45439743995666504,
            0.6423598527908325
          ]
        }
      }
    },
    {
      "rank": 2,
      "raw_index": 2,
      "tag": "feasible",
      "ik_rank": 2,
      "gen_source": "bodex",
      "feasible": true,
      "render_time_sec": 2.05,
      "stages": {
        "approach": {
          "ee_pose_wxyz": [
            0.08278074860572815,
            0.03916938230395317,
            0.9907708764076233,
            0.8516680002212524,
            -0.006676511373370886,
            0.5129839181900024,
            0.10707290470600128
          ],
          "qpos": [
            1.4555943012237549,
            0.10581109672784805,
            0.8132215142250061,
            0.9477441310882568,
            1.0784817934036255,
            0.3533352315425873,
            0.9770825505256653,
            0.42140713334083557,
            0.23492911458015442,
            0.29274001717567444,
            0.38623178005218506,
            0.48954734206199646
          ]
        },
        "grasp": {
          "ee_pose_wxyz": [
            0.07852862030267715,
            0.04950905218720436,
            0.9829843044281006,
            0.8546578884124756,
            -0.055818814784288406,
            0.5135816931724548,
            0.05175003781914711
          ],
          "qpos": [
            1.5489435195922852,
            -0.067934550344944,
            0.9066049456596375,
            1.0177783966064453,
            1.1255813837051392,
            0.5027934312820435,
            1.083694338798523,
            0.45761993527412415,
            0.2916518747806549,
            0.15950076282024384,
            0.38496604561805725,
            0.6441197395324707
          ]
        },
        "lift": {
          "ee_pose_wxyz": [
            0.07852862030267715,
            0.04950905218720436,
            0.9829843044281006,
            0.8546578884124756,
            -0.055818814784288406,
            0.5135816931724548,
            0.05175003781914711
          ],
          "qpos": [
            1.6422927379608154,
            -0.24168020486831665,
            0.9999883770942688,
            1.0878126621246338,
            1.1726809740066528,
            0.6522516012191772,
            1.1903061866760254,
            0.4938327372074127,
            0.3483746349811554,
            0.026261508464813232,
            0.38370031118392944,
            0.7986921072006226
          ]
        }
      }
    },
    {
      "rank": 3,
      "raw_index": 3,
      "tag": "feasible",
      "ik_rank": 3,
      "gen_source": "bodex",
      "feasible": true,
      "render_time_sec": 2.28,
      "stages": {
        "approach": {
          "ee_pose_wxyz": [
            0.07853449881076813,
            0.03537468612194061,
            0.9897807836532593,
            0.8497015237808228,
            -0.01925588957965374,
            0.5200365781784058,
            0.08484391868114471
          ],