{
  "object_name": "staplers__002",
  "object_class": "staplers",
  "source": "bodex",
  "object_scale": 0.0719,
  "rollout_success": false,
  "n_total": 200,
  "n_feasible": 200,
  "top_candidates": [
    {
      "rank": 0,
      "raw_index": 0,
      "tag": "feasible",
      "ik_rank": 0,
      "gen_source": "bodex",
      "feasible": true,
      "render_time_sec": 2.16,
      "stages": {
        "approach": {
          "ee_pose_wxyz": [
            -0.01924697495996952,
            0.08662460744380951,
            0.8433948159217834,
            0.9158100485801697,
            -0.2692286968231201,
            0.15820494294166565,
            0.25254523754119873
          ],
          "qpos": [
            1.6031063795089722,
            -0.06592097133398056,
            0.731608510017395,
            0.7974790334701538,
            0.8605658411979675,
            0.22224360704421997,
            1.1693729162216187,
            0.5729236006736755,
            0.07681945711374283,
            0.20741742849349976,
            0.39344197511672974,
            0.4130057692527771
          ]
        },
        "grasp": {
          "ee_pose_wxyz": [
            -0.01637822948396206,
            0.08421640843153,
            0.8358535766601562,
            0.9178481101989746,
            -0.27853626012802124,
            0.15331602096557617,
            0.23762698471546173
          ],
          "qpos": [
            1.6434636116027832,
            -0.15222282707691193,
            0.8050878047943115,
            0.9014399647712708,
            0.9903264045715332,
            0.3746500313282013,
            1.3012958765029907,
            0.8019040822982788,
            0.08963920921087265,
            0.08355827629566193,
            0.3667809069156647,
            0.5200769901275635
          ]
        },
        "lift": {
          "ee_pose_wxyz": [
            -0.01637822948396206,
            0.08421640843153,
            0.8358535766601562,
            0.9178481101989746,
            -0.27853626012802124,
            0.15331602096557617,
            0.23762698471546173
          ],
          "qpos": [
            1.6838208436965942,
            -0.2385246753692627,
            0.878567099571228,
            1.0054008960723877,
            1.120086908340454,
            0.5270564556121826,
            1.4332188367843628,
            1.0308845043182373,
            0.10245896130800247,
            -0.0403008759021759,
            0.3401198387145996,
            0.6271482110023499
          ]
        }
      }
    },
    {
      "rank": 1,
      "raw_index": 1,
      "tag": "feasible",
      "ik_rank": 1,
      "gen_source": "bodex",
      "feasible": true,
      "render_time_sec": 2.93,
      "stages": {
        "approach": {
          "ee_pose_wxyz": [
            -0.07713979482650757,
            0.03616699203848839,
            0.8291966915130615,
            0.7560741901397705,
            -0.3767126202583313,
            -0.11188378185033798,
            0.5233747959136963
          ],
          "qpos": [
            1.6493369340896606,
            0.17399999499320984,
            0.7298823595046997,
            0.8571652770042419,
            0.9788183569908142,
            0.4543432593345642,
            1.0172580480575562,
            0.6762012243270874,
            0.077003613114357,
            0.27896758913993835,
            0.5521268248558044,
            0.17703945934772491
          ]
        },
        "grasp": {
          "ee_pose_wxyz": [
            -0.07433459907770157,
            0.0225774385035038,
            0.8310854434967041,
            0.751416027545929,
            -0.3149116635322571,
            -0.1210489422082901,
            0.5670552849769592
          ],
          "qpos": [
            1.6333969831466675,
            0.1541760414838791,
            0.8014392256736755,
            0.9443683624267578,
            1.0807827711105347,
            0.6427599787712097,
            1.1264954805374146,
            0.9896862506866455,
            0.13508376479148865,
            0.12413271516561508,
            0.5893645286560059,
            0.18934237957000732
          ]
        },
        "lift": {
          "ee_pose_wxyz": [
            -0.07433459907770157,
            0.0225774385035038,
            0.8310854434967041,
            0.751416027545929,
            -0.3149116635322571,
            -0.1210489422082901,
            0.5670552849769592
          ],
          "qpos": [
            1.6174570322036743,
            0.13435208797454834,
            0.8729960918426514,
            1.031571388244629,
            1.1827471256256104,
            0.8311766982078552,
            1.235732913017273,
            1.3031712770462036,
            0.1931639164686203,
            -0.030702151358127594,
            0.6266022324562073,
            0.20164529979228973
          ]
        }
      }
    },
    {
      "rank": 2,
      "raw_index": 2,
      "tag": "feasible",
      "ik_rank": 2,
      "gen_source": "bodex",
      "feasible": true,
      "render_time_sec": 2.8,
      "stages": {
        "approach": {
          "ee_pose_wxyz": [
            0.036252710968256,
            -0.06651019304990768,
            0.8235338926315308,
            0.842796802520752,
            0.49207186698913574,
            0.1901320368051529,
            0.10681039839982986
          ],
          "qpos": [
            1.6747435331344604,
            -0.06693392246961594,
            0.7480625510215759,
            0.787255048751831,
            0.8286543488502502,
            0.12819868326187134,
            0.8540500998497009,
            0.4488609731197357,
            0.2640845477581024,
            0.14822690188884735,
            0.39620620012283325,
            0.20601989328861237
          ]
        },
        "grasp": {
          "ee_pose_wxyz": [
            0.03305553272366524,
            -0.07134009152650833,
            0.8189427852630615,
            0.8296483755111694,
            0.508146345615387,
            0.2037729024887085,
            0.10930517315864563
          ],
          "qpos": [
            1.6419373750686646,
            -0.07540670782327652,
            0.8007715940475464,
            0.8610752820968628,
            0.9196169376373291,
            0.34181711077690125,
            0.9420516490936279,
            0.5180302262306213,
            0.25800108909606934,
            0.12926074862480164,
            0.42384904623031616,
            0.23753610253334045
          ]
        },
        "lift": {
          "ee_pose_wxyz": [
            0.03305553272366524,
            -0.07134009152650833,
            0.8189427852630615,
            0.8296483755111694,
            0.508146345615387,
            0.2037729024887085,
            0.10930517315864563
          ],
          "qpos": [
            1.6091312170028687,
            -0.0838794931769371,
            0.8534806370735168,
            0.9348955154418945,
            1.0105795860290527,
            0.5554355382919312,
            1.0300531387329102,
            0.5871994495391846,
            0.25191763043403625,
            0.11029459536075592,
            0.4514918923377991,
            0.26905232667922974
          ]
        }
      }
    },
    {
      "rank": 3,
      "raw_index": 3,
      "tag": "feasible",
      "ik_rank": 3,
      "gen_source": "bodex",
      "feasible": true,
      "render_time_sec": 2.48,
      "stages": {
        "approach": {
          "ee_pose_wxyz": [
            -0.07733233273029327,
            0.043156709522008896,
            0.8001565933227539,
            0.7372649908065796,
            -0.3919820785522461,
            -0.31039556860923767,
            0.45436209440231323
          ],