{
  "object_name": "wood_planer__007",
  "object_class": "wood_planer",
  "source": "bodex",
  "object_scale": 0.0675,
  "rollout_success": false,
  "n_total": 200,
  "n_feasible": 200,
  "top_candidates": [
    {
      "rank": 0,
      "raw_index": 0,
      "tag": "feasible",
      "ik_rank": 0,
      "gen_source": "bodex",
      "feasible": true,
      "render_time_sec": 2.42,
      "stages": {
        "approach": {
          "ee_pose_wxyz": [
            0.01919032819569111,
            0.03474739193916321,
            0.5172063112258911,
            0.9774162769317627,
            -0.040811602026224136,
            0.17995768785476685,
            0.10299104452133179
          ],
          "qpos": [
            1.4475107192993164,
            0.012144165113568306,
            0.8356009721755981,
            0.9718128442764282,
            1.1031414270401,
            0.4292382597923279,
            0.8060373067855835,
            0.5839976072311401,
            0.34017428755760193,
            0.02805470861494541,
            0.46807101368904114,
            0.5350489020347595
          ]
        },
        "grasp": {
          "ee_pose_wxyz": [
            0.012565410695970058,
            0.028029117733240128,
            0.5143964886665344,
            0.9810031056404114,
            -0.0014004327822476625,
            0.1658637374639511,
            0.10059845447540283
          ],
          "qpos": [
            1.4678559303283691,
            0.01814672164618969,
            0.8963155150413513,
            1.0446407794952393,
            1.1902439594268799,
            0.6238330006599426,
            0.8980263471603394,
            0.6935352683067322,
            0.3965868055820465,
            0.0,
            0.5210948586463928,
            0.5848091244697571
          ]
        },
        "lift": {
          "ee_pose_wxyz": [
            0.012565410695970058,
            0.028029117733240128,
            0.5143964886665344,
            0.9810031056404114,
            -0.0014004327822476625,
            0.1658637374639511,
            0.10059845447540283
          ],
          "qpos": [
            1.4882011413574219,
            0.024149278178811073,
            0.9570300579071045,
            1.1174687147140503,
            1.2773464918136597,
            0.8184277415275574,
            0.9900153875350952,
            0.8030729293823242,
            0.4529993236064911,
            -0.02805470861494541,
            0.5741187334060669,
            0.6345693469047546
          ]
        }
      }
    },
    {
      "rank": 1,
      "raw_index": 1,
      "tag": "feasible",
      "ik_rank": 1,
      "gen_source": "bodex",
      "feasible": true,
      "render_time_sec": 2.68,
      "stages": {
        "approach": {
          "ee_pose_wxyz": [
            0.02728770114481449,
            0.02214382030069828,
            0.5177111029624939,
            0.9804652333259583,
            -0.02151857502758503,
            0.18935474753379822,
            0.04867983236908913
          ],
          "qpos": [
            1.4316200017929077,
            0.1675034761428833,
            0.8691372871398926,
            0.9730138778686523,
            1.083801507949829,
            0.4338622987270355,
            0.8596530556678772,
            0.5997399091720581,
            0.35807865858078003,
            0.06127846986055374,
            0.36967161297798157,
            0.5357187986373901
          ]
        },
        "grasp": {
          "ee_pose_wxyz": [
            0.02324351854622364,
            0.017736177891492844,
            0.5150725245475769,
            0.9815633296966553,
            0.00827503390610218,
            0.18825599551200867,
            0.0320100300014019
          ],
          "qpos": [
            1.4347307682037354,
            0.17395687103271484,
            0.9233949184417725,
            1.0471495389938354,
            1.1701960563659668,
            0.6286281943321228,
            0.9574906229972839,
            0.7010185718536377,
            0.39467912912368774,
            0.029228663071990013,
            0.4276723265647888,
            0.5765799880027771
          ]
        },
        "lift": {
          "ee_pose_wxyz": [
            0.02324351854622364,
            0.017736177891492844,
            0.5150725245475769,
            0.9815633296966553,
            0.00827503390610218,
            0.18825599551200867,
            0.0320100300014019
          ],
          "qpos": [
            1.437841534614563,
            0.1804102659225464,
            0.9776525497436523,
            1.1212852001190186,
            1.2565906047821045,
            0.8233940601348877,
            1.055328130722046,
            0.8022972345352173,
            0.43127959966659546,
            -0.002821141853928566,
            0.48567304015159607,
            0.6174411773681641
          ]
        }
      }
    },
    {
      "rank": 2,
      "raw_index": 2,
      "tag": "feasible",
      "ik_rank": 2,
      "gen_source": "bodex",
      "feasible": true,
      "render_time_sec": 2.82,
      "stages": {
        "approach": {
          "ee_pose_wxyz": [
            0.01538407988846302,
            0.025760114192962646,
            0.5163010954856873,
            0.975088357925415,
            -0.04392937570810318,
            0.17735207080841064,
            0.12577399611473083
          ],
          "qpos": [
            1.342766523361206,
            0.15611493587493896,
            0.8150871396064758,
            0.9562289714813232,
            1.090609073638916,
            0.4919382333755493,
            0.7760908603668213,
            0.5692231059074402,
            0.36006125807762146,
            0.04454127699136734,
            0.4464304447174072,
            0.3930310904979706
          ]
        },
        "grasp": {
          "ee_pose_wxyz": [
            0.006273274775594473,
            0.021657023578882217,
            0.5126064419746399,
            0.9790888428688049,
            -0.018743693828582764,
            0.15713094174861908,
            0.127841517329216
          ],
          "qpos": [
            1.34787118434906,
            0.16831955313682556,
            0.8582873344421387,
            1.021459698677063,
            1.1744518280029297,
            0.7001994252204895,
            0.8692395091056824,
            0.6822977662086487,
            0.42536410689353943,
            0.001027251360937953,
            0.5139821767807007,
            0.40456050634384155
          ]
        },
        "lift": {
          "ee_pose_wxyz": [
            0.006273274775594473,
            0.021657023578882217,
            0.5126064419746399,
            0.9790888428688049,
            -0.018743693828582764,
            0.15713094174861908,
            0.127841517329216
          ],
          "qpos": [
            1.352975845336914,
            0.18052417039871216,
            0.9014875292778015,
            1.0866904258728027,
            1.2582945823669434,
            0.9084606170654297,
            0.9623881578445435,
            0.7953724265098572,
            0.4906669557094574,
            -0.042486771941185,
            0.5815339088439941,
            0.4160899221897125
          ]
        }
      }
    },
    {
      "rank": 3,
      "raw_index": 3,
      "tag": "feasible",
      "ik_rank": 3,
      "gen_source": "bodex",
      "feasible": true,
      "render_time_sec": 2.81,
      "stages": {
        "approach": {
          "ee_pose_wxyz": [
            0.03830510750412941,
            -0.043776899576187134,
            0.5356944799423218,
            0.9324614405632019,
            0.26585182547569275,
            0.2435903698205948,
            0.022408446297049522
          ],