{
  "object_name": "staplers__005",
  "object_class": "staplers",
  "source": "bodex",
  "object_scale": 0.0805,
  "rollout_success": false,
  "n_total": 200,
  "n_feasible": 200,
  "top_candidates": [
    {
      "rank": 0,
      "raw_index": 0,
      "tag": "feasible",
      "ik_rank": 0,
      "gen_source": "bodex",
      "feasible": true,
      "render_time_sec": 2.43,
      "stages": {
        "approach": {
          "ee_pose_wxyz": [
            0.09177739918231964,
            0.04061006009578705,
            0.7435970306396484,
            0.8296970725059509,
            -0.16276703774929047,
            0.4333212673664093,
            -0.31199729442596436
          ],
          "qpos": [
            1.3445464372634888,
            0.16224394738674164,
            0.7301932573318481,
            0.8400284647941589,
            0.9521386027336121,
            0.3582593500614166,
            1.0336837768554688,
            0.49528631567955017,
            0.26564761996269226,
            0.2448909729719162,
            0.34722429513931274,
            0.34768444299697876
          ]
        },
        "grasp": {
          "ee_pose_wxyz": [
            0.09357024729251862,
            0.03575878217816353,
            0.7400421500205994,
            0.8156142830848694,
            -0.14164961874485016,
            0.4337930977344513,
            -0.35571375489234924
          ],
          "qpos": [
            1.4526556730270386,
            0.0017664094921201468,
            0.8138839602470398,
            0.9230254292488098,
            1.030364990234375,
            0.4975310266017914,
            1.1386116743087769,
            0.6134088635444641,
            0.2943221926689148,
            0.12622326612472534,
            0.33167123794555664,
            0.47635263204574585
          ]
        },
        "lift": {
          "ee_pose_wxyz": [
            0.09357024729251862,
            0.03575878217816353,
            0.7400421500205994,
            0.8156142830848694,
            -0.14164961874485016,
            0.4337930977344513,
            -0.35571375489234924
          ],
          "qpos": [
            1.5607649087905884,
            -0.15871112048625946,
            0.8975746631622314,
            1.0060224533081055,
            1.1085913181304932,
            0.6368026733398438,
            1.243539571762085,
            0.7315313816070557,
            0.32299676537513733,
            0.007555559277534485,
            0.31611818075180054,
            0.6050208210945129
          ]
        }
      }
    },
    {
      "rank": 1,
      "raw_index": 1,
      "tag": "feasible",
      "ik_rank": 1,
      "gen_source": "bodex",
      "feasible": true,
      "render_time_sec": 2.22,
      "stages": {
        "approach": {
          "ee_pose_wxyz": [
            0.016422457993030548,
            -0.05652061849832535,
            0.7668901681900024,
            0.8728722333908081,
            0.4172082841396332,
            0.11769045889377594,
            0.22400934994220734
          ],
          "qpos": [
            1.4106521606445312,
            0.15555480122566223,
            0.739765465259552,
            0.8928272128105164,
            1.0343033075332642,
            0.4592844843864441,
            0.7908926010131836,
            0.5526701211929321,
            0.2885465621948242,
            0.14764831960201263,
            0.5788150429725647,
            0.12609481811523438
          ]
        },
        "grasp": {
          "ee_pose_wxyz": [
            -0.00014658679720014334,
            -0.04860372096300125,
            0.7623386979103088,
            0.8816568851470947,
            0.41407763957977295,
            0.0736415907740593,
            0.21400395035743713
          ],
          "qpos": [
            1.4157332181930542,
            0.09039146453142166,
            0.7607244253158569,
            0.9449660181999207,
            1.116263508796692,
            0.6971243619918823,
            0.8548972606658936,
            0.7295296788215637,
            0.30207401514053345,
            0.10674901306629181,
            0.6699323058128357,
            0.021514378488063812
          ]
        },
        "lift": {
          "ee_pose_wxyz": [
            -0.00014658679720014334,
            -0.04860372096300125,
            0.7623386979103088,
            0.8816568851470947,
            0.41407763957977295,
            0.0736415907740593,
            0.21400395035743713
          ],
          "qpos": [
            1.4208142757415771,
            0.02522812783718109,
            0.7816833853721619,
            0.997104823589325,
            1.1982237100601196,
            0.9349642395973206,
            0.9189019203186035,
            0.9063892364501953,
            0.3156014680862427,
            0.06584970653057098,
            0.7610495686531067,
            -0.08306606113910675
          ]
        }
      }
    },
    {
      "rank": 2,
      "raw_index": 2,
      "tag": "feasible",
      "ik_rank": 2,
      "gen_source": "bodex",
      "feasible": true,
      "render_time_sec": 2.11,
      "stages": {
        "approach": {
          "ee_pose_wxyz": [
            0.04105254262685776,
            -0.012994511984288692,
            0.7846072316169739,
            0.9445935487747192,
            0.21597212553024292,
            0.20283694565296173,
            -0.14126721024513245
          ],
          "qpos": [
            1.645403265953064,
            0.17399999499320984,
            0.9133407473564148,
            0.9404289722442627,
            0.9634284377098083,
            0.373543381690979,
            1.0565487146377563,
            0.567604660987854,
            0.26383790373802185,
            0.24071215093135834,
            0.19082115590572357,
            0.5368260145187378
          ]
        },
        "grasp": {
          "ee_pose_wxyz": [
            0.03952585533261299,
            -0.01574642024934292,
            0.7836610078811646,
            0.9325257539749146,
            0.22677767276763916,
            0.21616262197494507,
            -0.17955847084522247
          ],
          "qpos": [
            1.609488606452942,
            0.15584415197372437,
            0.9645419716835022,
            1.0120434761047363,
            1.0634015798568726,
            0.5720879435539246,
            1.1757911443710327,
            0.7109803557395935,
            0.30331721901893616,
            0.1726170778274536,
            0.21426254510879517,
            0.5588464140892029
          ]
        },
        "lift": {
          "ee_pose_wxyz": [
            0.03952585533261299,
            -0.01574642024934292,
            0.7836610078811646,
            0.9325257539749146,
            0.22677767276763916,
            0.21616262197494507,
            -0.17955847084522247
          ],
          "qpos": [
            1.5735739469528198,
            0.1376883089542389,
            1.0157432556152344,
            1.08365797996521,
            1.163374662399292,
            0.7706325054168701,
            1.295033574104309,
            0.854356050491333,
            0.34279653429985046,
            0.10452200472354889,
            0.23770393431186676,
            0.580866813659668
          ]
        }
      }
    },
    {
      "rank": 3,
      "raw_index": 3,
      "tag": "feasible",
      "ik_rank": 3,
      "gen_source": "bodex",
      "feasible": true,
      "render_time_sec": 2.05,
      "stages": {
        "approach": {
          "ee_pose_wxyz": [
            0.04114474728703499,
            -0.057317640632390976,
            0.7755970358848572,
            0.8698340654373169,
            0.45131954550743103,
            0.1915063112974167,
            0.054998304694890976
          ],