{
  "object_name": "staplers__001",
  "object_class": "staplers",
  "source": "bodex",
  "object_scale": 0.0682,
  "rollout_success": false,
  "n_total": 200,
  "n_feasible": 200,
  "top_candidates": [
    {
      "rank": 0,
      "raw_index": 0,
      "tag": "feasible",
      "ik_rank": 0,
      "gen_source": "bodex",
      "feasible": true,
      "render_time_sec": 2.14,
      "stages": {
        "approach": {
          "ee_pose_wxyz": [
            -0.09377448260784149,
            -0.0026691597886383533,
            0.5366809964179993,
            0.8626857399940491,
            0.2768591642379761,
            -0.36962661147117615,
            -0.20615153014659882
          ],
          "qpos": [
            1.3691966533660889,
            -0.0726117491722107,
            0.9654387831687927,
            0.9023187160491943,
            1.2102941274642944,
            0.5867064595222473,
            0.9743769764900208,
            0.33804845809936523,
            0.2883381247520447,
            0.478873074054718,
            0.43744081258773804,
            0.4435518980026245
          ]
        },
        "grasp": {
          "ee_pose_wxyz": [
            -0.09506035596132278,
            0.0027615081053227186,
            0.5293344259262085,
            0.8230921030044556,
            0.31983673572540283,
            -0.38667166233062744,
            -0.2659115493297577
          ],
          "qpos": [
            1.482258677482605,
            -0.08571761846542358,
            0.9461314082145691,
            1.0412877798080444,
            1.219717264175415,
            0.7326880693435669,
            1.0597209930419922,
            0.40618088841438293,
            0.2223234325647354,
            0.4468112885951996,
            0.45579278469085693,
            0.5481765866279602
          ]
        },
        "lift": {
          "ee_pose_wxyz": [
            -0.09506035596132278,
            0.0027615081053227186,
            0.5293344259262085,
            0.8230921030044556,
            0.31983673572540283,
            -0.38667166233062744,
            -0.2659115493297577
          ],
          "qpos": [
            1.595320701599121,
            -0.09882348775863647,
            0.9268240332603455,
            1.1802568435668945,
            1.2291404008865356,
            0.8786696791648865,
            1.1450650691986084,
            0.47431331872940063,
            0.15630874037742615,
            0.41474950313568115,
            0.47414475679397583,
            0.6528012752532959
          ]
        }
      }
    },
    {
      "rank": 1,
      "raw_index": 1,
      "tag": "feasible",
      "ik_rank": 1,
      "gen_source": "bodex",
      "feasible": true,
      "render_time_sec": 2.12,
      "stages": {
        "approach": {
          "ee_pose_wxyz": [
            0.07178148627281189,
            -0.02300448715686798,
            0.5504050254821777,
            0.785801887512207,
            0.016666287556290627,
            0.3440053164958954,
            -0.5137100219726562
          ],
          "qpos": [
            1.276511788368225,
            0.043193038552999496,
            0.9740427732467651,
            1.1007946729660034,
            1.218587040901184,
            0.5332124829292297,
            0.887290358543396,
            0.46452465653419495,
            0.514350414276123,
            0.42550551891326904,
            0.4711494743824005,
            0.3375959098339081
          ]
        },
        "grasp": {
          "ee_pose_wxyz": [
            0.07113844156265259,
            -0.009628835134208202,
            0.5485785007476807,
            0.8074603080749512,
            0.00351144140586257,
            0.3248157501220703,
            -0.492433100938797
          ],
          "qpos": [
            1.3125540018081665,
            0.027925429865717888,
            1.0295389890670776,
            1.1823627948760986,
            1.331057071685791,
            0.7130212187767029,
            0.952948808670044,
            0.5325186252593994,
            0.5666396021842957,
            0.42878931760787964,
            0.5422270894050598,
            0.3664712607860565
          ]
        },
        "lift": {
          "ee_pose_wxyz": [
            0.07113844156265259,
            -0.009628835134208202,
            0.5485785007476807,
            0.8074603080749512,
            0.00351144140586257,
            0.3248157501220703,
            -0.492433100938797
          ],
          "qpos": [
            1.348596215248108,
            0.01265782117843628,
            1.0850352048873901,
            1.2639309167861938,
            1.443527102470398,
            0.892829954624176,
            1.018607258796692,
            0.6005126237869263,
            0.6189287900924683,
            0.43207311630249023,
            0.6133047342300415,
            0.39534661173820496
          ]
        }
      }
    },
    {
      "rank": 2,
      "raw_index": 2,
      "tag": "feasible",
      "ik_rank": 2,
      "gen_source": "bodex",
      "feasible": true,
      "render_time_sec": 2.97,
      "stages": {
        "approach": {
          "ee_pose_wxyz": [
            0.09430765360593796,
            -0.011745013296604156,
            0.5028401613235474,
            0.6443901062011719,
            -0.16791768372058868,
            0.5129935145378113,
            -0.541666567325592
          ],
          "qpos": [
            1.24490487575531,
            -0.03554823622107506,
            0.8993863463401794,
            1.0424251556396484,
            1.2047700881958008,
            0.6152422428131104,
            0.8337745070457458,
            0.39431032538414,
            0.2843034267425537,
            0.3793336749076843,
            0.5278008580207825,
            0.3528148829936981
          ]
        },
        "grasp": {
          "ee_pose_wxyz": [
            0.08636453747749329,
            0.009008744731545448,
            0.5038367509841919,
            0.680195152759552,
            -0.21430152654647827,
            0.4359193444252014,
            -0.5489843487739563
          ],
          "qpos": [
            1.303006887435913,
            -0.04869780316948891,
            0.9884809851646423,
            1.104491114616394,
            1.2233142852783203,
            0.8265864849090576,
            0.9687121510505676,
            0.4577285647392273,
            0.35581329464912415,
            0.2869420349597931,
            0.5874729156494141,
            0.3726591169834137
          ]
        },
        "lift": {
          "ee_pose_wxyz": [
            0.08636453747749329,
            0.009008744731545448,
            0.5038367509841919,
            0.680195152759552,
            -0.21430152654647827,
            0.4359193444252014,
            -0.5489843487739563
          ],
          "qpos": [
            1.3611088991165161,
            -0.061847370117902756,
            1.07757568359375,
            1.1665570735931396,
            1.2418584823608398,
            1.0379307270050049,
            1.1036498546600342,
            0.5211467742919922,
            0.4273231625556946,
            0.19455039501190186,
            0.6471449732780457,
            0.3925033509731293
          ]
        }
      }
    },
    {
      "rank": 3,
      "raw_index": 3,
      "tag": "feasible",
      "ik_rank": 3,
      "gen_source": "bodex",
      "feasible": true,
      "render_time_sec": 2.72,
      "stages": {
        "approach": {
          "ee_pose_wxyz": [
            0.07230223715305328,
            -0.04057272523641586,
            0.5475702881813049,
            0.7852762341499329,
            0.1475093960762024,
            0.38653552532196045,
            -0.46062183380126953
          ],