{
  "object_name": "wine_cork__005",
  "object_class": "wine_cork",
  "source": "bodex",
  "object_scale": 0.0741,
  "rollout_success": false,
  "n_total": 200,
  "n_feasible": 200,
  "top_candidates": [
    {
      "rank": 0,
      "raw_index": 0,
      "tag": "feasible",
      "ik_rank": 0,
      "gen_source": "bodex",
      "feasible": true,
      "render_time_sec": 2.46,
      "stages": {
        "approach": {
          "ee_pose_wxyz": [
            0.004960098769515753,
            0.08759547770023346,
            0.8778058886528015,
            0.9016132354736328,
            -0.36496832966804504,
            0.14927193522453308,
            0.17779116332530975
          ],
          "qpos": [
            1.4082667827606201,
            0.001209436682984233,
            0.7895969152450562,
            0.9621995687484741,
            1.1259284019470215,
            0.1886470466852188,
            0.9067898988723755,
            0.7123987078666687,
            0.31256890296936035,
            0.21697083115577698,
            0.33662542700767517,
            0.3185349702835083
          ]
        },
        "grasp": {
          "ee_pose_wxyz": [
            0.008239335380494595,
            0.09299971163272858,
            0.8724047541618347,
            0.9069514870643616,
            -0.3692226707935333,
            0.1628977507352829,
            0.12073905020952225
          ],
          "qpos": [
            1.5036202669143677,
            -0.04873914644122124,
            0.870972216129303,
            1.0254789590835571,
            1.180618405342102,
            0.3704274296760559,
            1.0169202089309692,
            0.8261048197746277,
            0.3763476610183716,
            0.1473446786403656,
            0.3680676519870758,
            0.36633536219596863
          ]
        },
        "lift": {
          "ee_pose_wxyz": [
            0.008239335380494595,
            0.09299971163272858,
            0.8724047541618347,
            0.9069514870643616,
            -0.3692226707935333,
            0.1628977507352829,
            0.12073905020952225
          ],
          "qpos": [
            1.5989737510681152,
            -0.09868773072957993,
            0.9523475170135498,
            1.0887583494186401,
            1.2353084087371826,
            0.5522078275680542,
            1.127050518989563,
            0.9398109316825867,
            0.4401264190673828,
            0.07771852612495422,
            0.39950987696647644,
            0.41413575410842896
          ]
        }
      }
    },
    {
      "rank": 1,
      "raw_index": 1,
      "tag": "feasible",
      "ik_rank": 1,
      "gen_source": "bodex",
      "feasible": true,
      "render_time_sec": 2.52,
      "stages": {
        "approach": {
          "ee_pose_wxyz": [
            -0.0024757503997534513,
            -0.09921805560588837,
            0.8566113114356995,
            0.8106170296669006,
            0.5716639757156372,
            -0.02387273497879505,
            0.12462153285741806
          ],
          "qpos": [
            1.3626289367675781,
            0.05448010191321373,
            0.7286913394927979,
            0.8925290107727051,
            1.0495489835739136,
            0.2751644253730774,
            0.7792770862579346,
            0.6266450881958008,
            0.33887699246406555,
            0.06600990146398544,
            0.35722431540489197,
            0.2157268226146698
          ]
        },
        "grasp": {
          "ee_pose_wxyz": [
            -0.0046903835609555244,
            -0.09893878549337387,
            0.8550172448158264,
            0.7963767647743225,
            0.5907747745513916,
            -0.011509333737194538,
            0.12898387014865875
          ],
          "qpos": [
            1.3872214555740356,
            0.046313341706991196,
            0.7679665684700012,
            0.9455513954162598,
            1.1179732084274292,
            0.46157288551330566,
            0.8730089664459229,
            0.7717322111129761,
            0.38207247853279114,
            0.047320153564214706,
            0.4613557755947113,
            0.20918141305446625
          ]
        },
        "lift": {
          "ee_pose_wxyz": [
            -0.0046903835609555244,
            -0.09893878549337387,
            0.8550172448158264,
            0.7963767647743225,
            0.5907747745513916,
            -0.011509333737194538,
            0.12898387014865875
          ],
          "qpos": [
            1.4118139743804932,
            0.03814658150076866,
            0.8072417974472046,
            0.9985737800598145,
            1.1863974332809448,
            0.6479813456535339,
            0.9667408466339111,
            0.9168193340301514,
            0.4252679646015167,
            0.02863040566444397,
            0.565487265586853,
            0.2026360034942627
          ]
        }
      }
    },
    {
      "rank": 2,
      "raw_index": 2,
      "tag": "feasible",
      "ik_rank": 2,
      "gen_source": "bodex",
      "feasible": true,
      "render_time_sec": 2.46,
      "stages": {
        "approach": {
          "ee_pose_wxyz": [
            -0.08827132731676102,
            0.04850303754210472,
            0.8574827909469604,
            0.5463669896125793,
            0.17887859046459198,
            -0.5443203449249268,
            -0.6109017729759216
          ],
          "qpos": [
            1.213996410369873,
            0.1069212332367897,
            0.940304696559906,
            1.0883256196975708,
            1.2225326299667358,
            0.13447101414203644,
            0.8404627442359924,
            0.5508291721343994,
            0.4683300256729126,
            0.42653900384902954,
            0.3266654908657074,
            0.3467414081096649
          ]
        },
        "grasp": {
          "ee_pose_wxyz": [
            -0.08869056403636932,
            0.051836635917425156,
            0.8532127141952515,
            0.5584142804145813,
            0.20168007910251617,
            -0.5646380186080933,
            -0.573308527469635
          ],
          "qpos": [
            1.2566192150115967,
            0.10305903851985931,
            0.9656291007995605,
            1.1237493753433228,
            1.281172752380371,
            0.34049734473228455,
            0.8799943327903748,
            0.596824586391449,
            0.5029191970825195,
            0.38061168789863586,
            0.4615606665611267,
            0.3631126582622528
          ]
        },
        "lift": {
          "ee_pose_wxyz": [
            -0.08869056403636932,
            0.051836635917425156,
            0.8532127141952515,
            0.5584142804145813,
            0.20168007910251617,
            -0.5646380186080933,
            -0.573308527469635
          ],
          "qpos": [
            1.2992420196533203,
            0.09919684380292892,
            0.9909535050392151,
            1.1591731309890747,
            1.3398128747940063,
            0.5465236902236938,
            0.9195259213447571,
            0.6428200006484985,
            0.5375083684921265,
            0.3346843719482422,
            0.5964558124542236,
            0.3794839084148407
          ]
        }
      }
    },
    {
      "rank": 3,
      "raw_index": 3,
      "tag": "feasible",
      "ik_rank": 3,
      "gen_source": "bodex",
      "feasible": true,
      "render_time_sec": 2.18,
      "stages": {
        "approach": {
          "ee_pose_wxyz": [
            0.010442719794809818,
            -0.07502481341362,
            0.8928108811378479,
            0.9036828279495239,
            0.4232063889503479,
            0.062315840274095535,
            0.019248487427830696
          ],