{
  "object_name": "staplers__006",
  "object_class": "staplers",
  "source": "bodex",
  "object_scale": 0.0715,
  "rollout_success": false,
  "n_total": 200,
  "n_feasible": 200,
  "top_candidates": [
    {
      "rank": 0,
      "raw_index": 0,
      "tag": "feasible",
      "ik_rank": 0,
      "gen_source": "bodex",
      "feasible": true,
      "render_time_sec": 2.53,
      "stages": {
        "approach": {
          "ee_pose_wxyz": [
            0.015659961849451065,
            0.07242286950349808,
            0.6004128456115723,
            0.9679867625236511,
            -0.14709490537643433,
            0.18451586365699768,
            0.0855485126376152
          ],
          "qpos": [
            1.492592453956604,
            0.03418489545583725,
            0.9880524277687073,
            1.0596587657928467,
            1.1294772624969482,
            0.5580204725265503,
            0.9860644936561584,
            0.5189785957336426,
            0.3823898732662201,
            0.3076542019844055,
            0.5097569823265076,
            0.4232167899608612
          ]
        },
        "grasp": {
          "ee_pose_wxyz": [
            0.015128185041248798,
            0.08095719665288925,
            0.5894421339035034,
            0.9558861255645752,
            -0.1971845179796219,
            0.1984693557024002,
            0.08949682116508484
          ],
          "qpos": [
            1.5110312700271606,
            0.09665282070636749,
            1.0937906503677368,
            1.1853710412979126,
            1.27923583984375,
            0.6977207064628601,
            1.0696589946746826,
            0.7624536752700806,
            0.45759889483451843,
            0.29616159200668335,
            0.521426796913147,
            0.4002709686756134
          ]
        },
        "lift": {
          "ee_pose_wxyz": [
            0.015128185041248798,
            0.08095719665288925,
            0.5894421339035034,
            0.9558861255645752,
            -0.1971845179796219,
            0.1984693557024002,
            0.08949682116508484
          ],
          "qpos": [
            1.5294700860977173,
            0.15912073850631714,
            1.1995289325714111,
            1.3110833168029785,
            1.4289944171905518,
            0.8374209403991699,
            1.1532535552978516,
            1.0059287548065186,
            0.5328079462051392,
            0.2846689820289612,
            0.5330966114997864,
            0.3773251473903656
          ]
        }
      }
    },
    {
      "rank": 1,
      "raw_index": 1,
      "tag": "feasible",
      "ik_rank": 1,
      "gen_source": "bodex",
      "feasible": true,
      "render_time_sec": 2.42,
      "stages": {
        "approach": {
          "ee_pose_wxyz": [
            0.019403908401727676,
            0.06250682473182678,
            0.6017446517944336,
            0.9676849246025085,
            -0.11542744934558868,
            0.20512478053569794,
            0.09047699719667435
          ],
          "qpos": [
            1.548027753829956,
            0.055124446749687195,
            0.9932060837745667,
            1.054732084274292,
            1.1107910871505737,
            0.5375387668609619,
            0.9894859790802002,
            0.536668062210083,
            0.3855510354042053,
            0.2953569293022156,
            0.5223960280418396,
            0.393240749835968
          ]
        },
        "grasp": {
          "ee_pose_wxyz": [
            0.023659322410821915,
            0.07362046092748642,
            0.593241274356842,
            0.9548007249832153,
            -0.16135156154632568,
            0.229750394821167,
            0.09765166789293289
          ],
          "qpos": [
            1.5708380937576294,
            0.0983346551656723,
            1.0996167659759521,
            1.1916338205337524,
            1.284529447555542,
            0.6485517621040344,
            1.0812424421310425,
            0.808341920375824,
            0.4645887315273285,
            0.2963010370731354,
            0.5070105195045471,
            0.38707172870635986
          ]
        },
        "lift": {
          "ee_pose_wxyz": [
            0.023659322410821915,
            0.07362046092748642,
            0.593241274356842,
            0.9548007249832153,
            -0.16135156154632568,
            0.229750394821167,
            0.09765166789293289
          ],
          "qpos": [
            1.5936484336853027,
            0.1415448635816574,
            1.2060275077819824,
            1.328535556793213,
            1.4582678079605103,
            0.7595647573471069,
            1.1729989051818848,
            1.080015778541565,
            0.5436264276504517,
            0.2972451448440552,
            0.49162501096725464,
            0.3809027075767517
          ]
        }
      }
    },
    {
      "rank": 2,
      "raw_index": 2,
      "tag": "feasible",
      "ik_rank": 2,
      "gen_source": "bodex",
      "feasible": true,
      "render_time_sec": 2.36,
      "stages": {
        "approach": {
          "ee_pose_wxyz": [
            0.01743791438639164,
            -0.023034101352095604,
            0.6081836819648743,
            0.9633640050888062,
            0.20418423414230347,
            0.16603514552116394,
            0.0516817681491375
          ],
          "qpos": [
            1.4176427125930786,
            0.046082038432359695,
            0.9233039617538452,
            0.9599592089653015,
            0.9967359900474548,
            0.6273790001869202,
            0.9928587675094604,
            0.5487745404243469,
            0.3910348415374756,
            0.11299718916416168,
            0.4656415581703186,
            0.35355308651924133
          ]
        },
        "grasp": {
          "ee_pose_wxyz": [
            0.014033082872629166,
            -0.02917061373591423,
            0.6073707342147827,
            0.9583988189697266,
            0.23631782829761505,
            0.15849514305591583,
            0.022471515461802483
          ],
          "qpos": [
            1.3975249528884888,
            0.08164077997207642,
            0.9962607622146606,
            1.0665124654769897,
            1.1292591094970703,
            0.7817164659500122,
            1.1191134452819824,
            0.650507926940918,
            0.4339696764945984,
            0.11053416877985,
            0.4616102874279022,
            0.4090102016925812
          ]
        },
        "lift": {
          "ee_pose_wxyz": [
            0.014033082872629166,
            -0.02917061373591423,
            0.6073707342147827,
            0.9583988189697266,
            0.23631782829761505,
            0.15849514305591583,
            0.022471515461802483
          ],
          "qpos": [
            1.377407193183899,
            0.11719952523708344,
            1.069217562675476,
            1.1730656623840332,
            1.261782169342041,
            0.9360539317131042,
            1.2453681230545044,
            0.752241313457489,
            0.4769045114517212,
            0.10807114839553833,
            0.45757901668548584,
            0.464467316865921
          ]
        }
      }
    },
    {
      "rank": 3,
      "raw_index": 3,
      "tag": "feasible",
      "ik_rank": 3,
      "gen_source": "bodex",
      "feasible": true,
      "render_time_sec": 2.7,
      "stages": {
        "approach": {
          "ee_pose_wxyz": [
            0.006346321199089289,
            -0.05080099776387215,
            0.6035661697387695,
            0.8995906114578247,
            0.4152929186820984,
            0.10014469176530838,
            0.09077240526676178
          ],