{
  "object_name": "dumbbell__001",
  "object_class": "dumbbell",
  "source": "bodex",
  "object_scale": 0.0696,
  "rollout_success": false,
  "n_total": 200,
  "n_feasible": 200,
  "top_candidates": [
    {
      "rank": 0,
      "raw_index": 0,
      "tag": "feasible",
      "ik_rank": 0,
      "gen_source": "bodex",
      "feasible": true,
      "render_time_sec": 3.01,
      "stages": {
        "approach": {
          "ee_pose_wxyz": [
            0.005836375057697296,
            0.06156820431351662,
            0.479513555765152,
            0.9703392386436462,
            -0.21093451976776123,
            0.09578854590654373,
            -0.06908678263425827
          ],
          "qpos": [
            1.3238698244094849,
            -0.03227362036705017,
            0.8297945857048035,
            0.8576294183731079,
            0.8884563446044922,
            0.38539013266563416,
            0.8659552335739136,
            0.4695338010787964,
            0.2290504425764084,
            0.2920066714286804,
            0.5448863506317139,
            0.1785038709640503
          ]
        },
        "grasp": {
          "ee_pose_wxyz": [
            0.007944256067276001,
            0.05747303366661072,
            0.47862693667411804,
            0.9736958742141724,
            -0.1741170883178711,
            0.08749175816774368,
            -0.11808828264474869
          ],
          "qpos": [
            1.339039921760559,
            0.062493178993463516,
            0.8897507786750793,
            0.9194169640541077,
            0.9514988660812378,
            0.5111843943595886,
            0.9862131476402283,
            0.7051506042480469,
            0.26894497871398926,
            0.14081290364265442,
            0.539482593536377,
            0.19810380041599274
          ]
        },
        "lift": {
          "ee_pose_wxyz": [
            0.007944256067276001,
            0.05747303366661072,
            0.47862693667411804,
            0.9736958742141724,
            -0.1741170883178711,
            0.08749175816774368,
            -0.11808828264474869
          ],
          "qpos": [
            1.3542100191116333,
            0.1572599709033966,
            0.9497069716453552,
            0.9812045097351074,
            1.0145413875579834,
            0.6369786262512207,
            1.106471061706543,
            0.9407674074172974,
            0.30883949995040894,
            -0.010380864143371582,
            0.53407883644104,
            0.21770372986793518
          ]
        }
      }
    },
    {
      "rank": 1,
      "raw_index": 1,
      "tag": "feasible",
      "ik_rank": 1,
      "gen_source": "bodex",
      "feasible": true,
      "render_time_sec": 2.57,
      "stages": {
        "approach": {
          "ee_pose_wxyz": [
            0.05179385095834732,
            0.0893552377820015,
            0.45426416397094727,
            0.8925536274909973,
            -0.35207700729370117,
            0.23450154066085815,
            -0.1562008559703827
          ],
          "qpos": [
            1.282726764678955,
            -0.05838790535926819,
            0.8947380781173706,
            0.9635002613067627,
            1.037351369857788,
            0.2740059494972229,
            0.922870934009552,
            0.46163031458854675,
            0.27149397134780884,
            0.29409950971603394,
            0.36068373918533325,
            0.37646764516830444
          ]
        },
        "grasp": {
          "ee_pose_wxyz": [
            0.05816396325826645,
            0.07212766259908676,
            0.45906752347946167,
            0.9018679857254028,
            -0.2847147285938263,
            0.2513861656188965,
            -0.20585601031780243
          ],
          "qpos": [
            1.361119270324707,
            -0.02149125188589096,
            0.9414620399475098,
            1.0156357288360596,
            1.0814950466156006,
            0.40389302372932434,
            1.0775734186172485,
            0.5919113159179688,
            0.2739795744419098,
            0.16619427502155304,
            0.34258437156677246,
            0.4839225709438324
          ]
        },
        "lift": {
          "ee_pose_wxyz": [
            0.05816396325826645,
            0.07212766259908676,
            0.45906752347946167,
            0.9018679857254028,
            -0.2847147285938263,
            0.2513861656188965,
            -0.20585601031780243
          ],
          "qpos": [
            1.439511775970459,
            0.015405401587486267,
            0.9881860017776489,
            1.0677711963653564,
            1.125638723373413,
            0.5337800979614258,
            1.2322759628295898,
            0.7221922874450684,
            0.27646517753601074,
            0.038289040327072144,
            0.32448500394821167,
            0.5913774967193604
          ]
        }
      }
    },
    {
      "rank": 2,
      "raw_index": 2,
      "tag": "feasible",
      "ik_rank": 2,
      "gen_source": "bodex",
      "feasible": true,
      "render_time_sec": 2.47,
      "stages": {
        "approach": {
          "ee_pose_wxyz": [
            0.034719765186309814,
            0.03911779820919037,
            0.4889414310455322,
            0.9800279140472412,
            -0.048880793154239655,
            0.1732030063867569,
            -0.0845978707075119
          ],
          "qpos": [
            1.4605705738067627,
            0.17399999499320984,
            0.9395428895950317,
            0.8674143552780151,
            0.8537763953208923,
            0.24201402068138123,
            0.9646762609481812,
            0.570807933807373,
            0.26543495059013367,
            0.22383852303028107,
            0.34483152627944946,
            0.2863876521587372
          ]
        },
        "grasp": {
          "ee_pose_wxyz": [
            0.03581572324037552,
            0.03151702880859375,
            0.48775824904441833,
            0.9732288122177124,
            -0.022821320220828056,
            0.18283504247665405,
            -0.1373901665210724
          ],
          "qpos": [
            1.4612300395965576,
            0.17399999499320984,
            0.9405979514122009,
            0.9476671814918518,
            0.96052485704422,
            0.42355164885520935,
            1.0956408977508545,
            0.783738374710083,
            0.26410752534866333,
            0.15407608449459076,
            0.36894872784614563,
            0.2917979657649994
          ]
        },
        "lift": {
          "ee_pose_wxyz": [
            0.03581572324037552,
            0.03151702880859375,
            0.48775824904441833,
            0.9732288122177124,
            -0.022821320220828056,
            0.18283504247665405,
            -0.1373901665210724
          ],
          "qpos": [
            1.4618895053863525,
            0.17399999499320984,
            0.9416530132293701,
            1.0279200077056885,
            1.0672733783721924,
            0.6050893068313599,
            1.2266055345535278,
            0.996668815612793,
            0.262780100107193,
            0.08431364595890045,
            0.3930659294128418,
            0.2972082793712616
          ]
        }
      }
    },
    {
      "rank": 3,
      "raw_index": 3,
      "tag": "feasible",
      "ik_rank": 3,
      "gen_source": "bodex",
      "feasible": true,
      "render_time_sec": 2.44,
      "stages": {
        "approach": {
          "ee_pose_wxyz": [
            0.019842490553855896,
            0.10307127237319946,
            0.4511677920818329,
            0.9095343351364136,
            -0.3748752772808075,
            0.17214618623256683,
            -0.05080987885594368
          ],