{
  "object_name": "staplers__000",
  "object_class": "staplers",
  "source": "bodex",
  "object_scale": 0.0771,
  "rollout_success": false,
  "n_total": 200,
  "n_feasible": 200,
  "top_candidates": [
    {
      "rank": 0,
      "raw_index": 0,
      "tag": "feasible",
      "ik_rank": 0,
      "gen_source": "bodex",
      "feasible": true,
      "render_time_sec": 2.4,
      "stages": {
        "approach": {
          "ee_pose_wxyz": [
            0.06527698040008545,
            -0.002347701694816351,
            0.8253262042999268,
            0.8635978102684021,
            -0.014193843118846416,
            0.2975232005119324,
            -0.40678900480270386
          ],
          "qpos": [
            1.2597708702087402,
            -0.0332975760102272,
            0.8272955417633057,
            1.0449597835540771,
            1.2354804277420044,
            0.4181514382362366,
            0.6821964979171753,
            0.2440207600593567,
            0.3820324242115021,
            0.38189905881881714,
            0.49508100748062134,
            0.46882015466690063
          ]
        },
        "grasp": {
          "ee_pose_wxyz": [
            0.0715516209602356,
            0.006147914100438356,
            0.8195198774337769,
            0.8438675999641418,
            -0.026748118922114372,
            0.29506367444992065,
            -0.4473358988761902
          ],
          "qpos": [
            1.4394125938415527,
            -0.03873318433761597,
            0.921480119228363,
            1.0919898748397827,
            1.2545785903930664,
            0.55559241771698,
            0.7535695433616638,
            0.174687922000885,
            0.4304622411727905,
            0.3373538851737976,
            0.49842381477355957,
            0.6585227847099304
          ]
        },
        "lift": {
          "ee_pose_wxyz": [
            0.0715516209602356,
            0.006147914100438356,
            0.8195198774337769,
            0.8438675999641418,
            -0.026748118922114372,
            0.29506367444992065,
            -0.4473358988761902
          ],
          "qpos": [
            1.6190543174743652,
            -0.04416879266500473,
            1.0156646966934204,
            1.1390199661254883,
            1.2736767530441284,
            0.6930333971977234,
            0.8249425888061523,
            0.10535508394241333,
            0.478892058134079,
            0.2928087115287781,
            0.5017666220664978,
            0.8482254147529602
          ]
        }
      }
    },
    {
      "rank": 1,
      "raw_index": 1,
      "tag": "feasible",
      "ik_rank": 1,
      "gen_source": "bodex",
      "feasible": true,
      "render_time_sec": 2.43,
      "stages": {
        "approach": {
          "ee_pose_wxyz": [
            -0.0677395761013031,
            -0.01833733543753624,
            0.805204451084137,
            0.8234660625457764,
            0.3467862010002136,
            -0.32188573479652405,
            -0.3131013810634613
          ],
          "qpos": [
            1.1586860418319702,
            -0.002067309571430087,
            0.7959867119789124,
            0.9712184071540833,
            1.1819108724594116,
            0.46307551860809326,
            0.7821148633956909,
            0.47093871235847473,
            0.4615494906902313,
            0.3000761866569519,
            0.6261117458343506,
            0.12616504728794098
          ]
        },
        "grasp": {
          "ee_pose_wxyz": [
            -0.05358577147126198,
            -0.0006951761897653341,
            0.8146016597747803,
            0.8458177447319031,
            0.29057228565216064,
            -0.29259416460990906,
            -0.33845055103302
          ],
          "qpos": [
            1.1978535652160645,
            -0.027028847485780716,
            0.8383446931838989,
            1.0282344818115234,
            1.234814167022705,
            0.668926477432251,
            0.8452696800231934,
            0.5757556557655334,
            0.4801161289215088,
            0.3612406849861145,
            0.7231479287147522,
            0.0
          ]
        },
        "lift": {
          "ee_pose_wxyz": [
            -0.05358577147126198,
            -0.0006951761897653341,
            0.8146016597747803,
            0.8458177447319031,
            0.29057228565216064,
            -0.29259416460990906,
            -0.33845055103302
          ],
          "qpos": [
            1.2370210886001587,
            -0.051990386098623276,
            0.8807026743888855,
            1.0852506160736084,
            1.2877174615859985,
            0.8747774362564087,
            0.9084244966506958,
            0.6805726289749146,
            0.49868276715278625,
            0.4224051833152771,
            0.8201841115951538,
            -0.12616504728794098
          ]
        }
      }
    },
    {
      "rank": 2,
      "raw_index": 2,
      "tag": "feasible",
      "ik_rank": 2,
      "gen_source": "bodex",
      "feasible": true,
      "render_time_sec": 2.76,
      "stages": {
        "approach": {
          "ee_pose_wxyz": [
            -0.0010522392112761736,
            -0.018248001113533974,
            0.8429167866706848,
            0.9171043634414673,
            0.16342616081237793,
            0.046230658888816833,
            -0.3606581389904022
          ],
          "qpos": [
            1.243651032447815,
            0.07888505607843399,
            0.8412631750106812,
            1.028119683265686,
            1.3193799257278442,
            0.3652665615081787,
            0.7797282934188843,
            0.43362218141555786,
            0.6082737445831299,
            0.35208019614219666,
            0.5589010119438171,
            0.15062326192855835
          ]
        },
        "grasp": {
          "ee_pose_wxyz": [
            -0.00046728854067623615,
            -0.0070572965778410435,
            0.8395165801048279,
            0.9069041609764099,
            0.17545601725578308,
            0.040347687900066376,
            -0.3809357285499573
          ],
          "qpos": [
            1.3480262756347656,
            -0.03628084063529968,
            0.8311166763305664,
            1.0141831636428833,
            1.2829262018203735,
            0.5642884969711304,
            0.8555821776390076,
            0.43787193298339844,
            0.6539175510406494,
            0.25580647587776184,
            0.6448283195495605,
            0.08345965296030045
          ]
        },
        "lift": {
          "ee_pose_wxyz": [
            -0.00046728854067623615,
            -0.0070572965778410435,
            0.8395165801048279,
            0.9069041609764099,
            0.17545601725578308,
            0.040347687900066376,
            -0.3809357285499573
          ],
          "qpos": [
            1.4524015188217163,
            -0.15144672989845276,
            0.8209701776504517,
            1.0002466440200806,
            1.2464724779129028,
            0.763310432434082,
            0.9314360618591309,
            0.442121684551239,
            0.699561357498169,
            0.15953275561332703,
            0.730755627155304,
            0.01629604399204254
          ]
        }
      }
    },
    {
      "rank": 3,
      "raw_index": 3,
      "tag": "feasible",
      "ik_rank": 3,
      "gen_source": "bodex",
      "feasible": true,
      "render_time_sec": 2.49,
      "stages": {
        "approach": {
          "ee_pose_wxyz": [
            0.08254829794168472,
            -0.009684734046459198,
            0.8047775030136108,
            0.7848894000053406,
            -0.04627096652984619,
            0.4218316078186035,
            -0.45151486992836
          ],