{
  "object_name": "wood_planer__004",
  "object_class": "wood_planer",
  "source": "bodex",
  "object_scale": 0.0696,
  "rollout_success": false,
  "n_total": 200,
  "n_feasible": 200,
  "top_candidates": [
    {
      "rank": 0,
      "raw_index": 0,
      "tag": "feasible",
      "ik_rank": 0,
      "gen_source": "bodex",
      "feasible": true,
      "render_time_sec": 2.63,
      "stages": {
        "approach": {
          "ee_pose_wxyz": [
            0.011269940063357353,
            0.08415661752223969,
            0.9347719550132751,
            0.9239142537117004,
            -0.21771055459976196,
            0.2457890808582306,
            0.19639848172664642
          ],
          "qpos": [
            1.2642614841461182,
            0.1285124123096466,
            0.7510294318199158,
            0.9173700213432312,
            1.1409415006637573,
            0.5707577466964722,
            0.9063588976860046,
            0.49608269333839417,
            0.4109093248844147,
            0.2695866823196411,
            0.498788058757782,
            0.35820746421813965
          ]
        },
        "grasp": {
          "ee_pose_wxyz": [
            0.0014970273477956653,
            0.09326501935720444,
            0.9261282682418823,
            0.9327641725540161,
            -0.24829211831092834,
            0.21065908670425415,
            0.15467628836631775
          ],
          "qpos": [
            1.376875400543213,
            -0.06901521235704422,
            0.8457064628601074,
            0.989739179611206,
            1.132772445678711,
            0.7214430570602417,
            0.97832852602005,
            0.5809701681137085,
            0.43979495763778687,
            0.20786243677139282,
            0.5252777338027954,
            0.43155840039253235
          ]
        },
        "lift": {
          "ee_pose_wxyz": [
            0.0014970273477956653,
            0.09326501935720444,
            0.9261282682418823,
            0.9327641725540161,
            -0.24829211831092834,
            0.21065908670425415,
            0.15467628836631775
          ],
          "qpos": [
            1.4894893169403076,
            -0.26654282212257385,
            0.9403834939002991,
            1.0621082782745361,
            1.1246033906936646,
            0.8721283674240112,
            1.0502982139587402,
            0.6658576726913452,
            0.46868059039115906,
            0.14613819122314453,
            0.5517674088478088,
            0.504909336566925
          ]
        }
      }
    },
    {
      "rank": 1,
      "raw_index": 1,
      "tag": "feasible",
      "ik_rank": 1,
      "gen_source": "bodex",
      "feasible": true,
      "render_time_sec": 2.67,
      "stages": {
        "approach": {
          "ee_pose_wxyz": [
            -0.026840435341000557,
            0.11086671054363251,
            0.890919029712677,
            0.20072460174560547,
            0.07587109506130219,
            -0.6506850123405457,
            -0.7283970713615417
          ],
          "qpos": [
            1.5173600912094116,
            -0.006513943895697594,
            1.118882179260254,
            0.8433808088302612,
            1.0055876970291138,
            0.3793585002422333,
            0.9315025806427002,
            0.010437030345201492,
            0.7417610287666321,
            0.4326537251472473,
            0.45192137360572815,
            0.3483489751815796
          ]
        },
        "grasp": {
          "ee_pose_wxyz": [
            -0.015237363055348396,
            0.10745494812726974,
            0.8903933763504028,
            0.1721116006374359,
            0.06256939470767975,
            -0.6593695878982544,
            -0.7291738390922546
          ],
          "qpos": [
            1.560511589050293,
            -0.001086792559362948,
            1.1877474784851074,
            0.8961539268493652,
            1.0620917081832886,
            0.5733867883682251,
            1.0032414197921753,
            0.0,
            0.8215328454971313,
            0.47913068532943726,
            0.5057653188705444,
            0.40183305740356445
          ]
        },
        "lift": {
          "ee_pose_wxyz": [
            -0.015237363055348396,
            0.10745494812726974,
            0.8903933763504028,
            0.1721116006374359,
            0.06256939470767975,
            -0.6593695878982544,
            -0.7291738390922546
          ],
          "qpos": [
            1.6036630868911743,
            0.0043403590098023415,
            1.256612777709961,
            0.9489270448684692,
            1.1185957193374634,
            0.7674150466918945,
            1.0749802589416504,
            -0.010437030345201492,
            0.9013046622276306,
            0.5256076455116272,
            0.5596092939376831,
            0.4553171396255493
          ]
        }
      }
    },
    {
      "rank": 2,
      "raw_index": 2,
      "tag": "feasible",
      "ik_rank": 2,
      "gen_source": "bodex",
      "feasible": true,
      "render_time_sec": 2.77,
      "stages": {
        "approach": {
          "ee_pose_wxyz": [
            0.02552039921283722,
            -0.01817191019654274,
            0.9506485462188721,
            0.9413101077079773,
            0.2701198160648346,
            0.17326129972934723,
            0.10464794188737869
          ],
          "qpos": [
            1.459004521369934,
            -0.05128372088074684,
            0.8060500025749207,
            0.9891884922981262,
            1.163522481918335,
            0.4611431360244751,
            0.9226149320602417,
            0.7171670198440552,
            0.21874946355819702,
            0.33031225204467773,
            0.4079221189022064,
            0.29737749695777893
          ]
        },
        "grasp": {
          "ee_pose_wxyz": [
            0.016506891697645187,
            -0.02692151628434658,
            0.9460977911949158,
            0.9261913299560547,
            0.3387563228607178,
            0.1519923359155655,
            0.06566586345434189
          ],
          "qpos": [
            1.5146998167037964,
            -0.06136636435985565,
            0.8988128900527954,
            1.0264182090759277,
            1.1549938917160034,
            0.6455433368682861,
            1.0325946807861328,
            0.7971036434173584,
            0.31044989824295044,
            0.16249848902225494,
            0.4381391406059265,
            0.3576754629611969
          ]
        },
        "lift": {
          "ee_pose_wxyz": [
            0.016506891697645187,
            -0.02692151628434658,
            0.9460977911949158,
            0.9261913299560547,
            0.3387563228607178,
            0.1519923359155655,
            0.06566586345434189
          ],
          "qpos": [
            1.5703951120376587,
            -0.07144901156425476,
            0.9915757775306702,
            1.063647985458374,
            1.1464653015136719,
            0.8299435377120972,
            1.142574429512024,
            0.8770402669906616,
            0.40215033292770386,
            -0.005315274000167847,
            0.4683561623096466,
            0.41797342896461487
          ]
        }
      }
    },
    {
      "rank": 3,
      "raw_index": 3,
      "tag": "feasible",
      "ik_rank": 3,
      "gen_source": "bodex",
      "feasible": true,
      "render_time_sec": 2.28,
      "stages": {
        "approach": {
          "ee_pose_wxyz": [
            0.02959750033915043,
            0.02887902408838272,
            0.9495798349380493,
            0.9730636477470398,
            0.08272669464349747,
            0.201219841837883,
            0.0762489065527916
          ],