{
  "object_name": "wine_cork__001",
  "object_class": "wine_cork",
  "source": "bodex",
  "object_scale": 0.0752,
  "rollout_success": false,
  "n_total": 200,
  "n_feasible": 200,
  "top_candidates": [
    {
      "rank": 0,
      "raw_index": 0,
      "tag": "feasible",
      "ik_rank": 0,
      "gen_source": "bodex",
      "feasible": true,
      "render_time_sec": 2.16,
      "stages": {
        "approach": {
          "ee_pose_wxyz": [
            -0.09801191091537476,
            -0.037321023643016815,
            0.7816992402076721,
            0.4535927474498749,
            -0.33333879709243774,
            -0.6049585342407227,
            0.5631731152534485
          ],
          "qpos": [
            1.6086832284927368,
            0.16342104971408844,
            0.8192415833473206,
            0.8324905037879944,
            0.8410680890083313,
            0.16081294417381287,
            0.9076547622680664,
            0.4253365397453308,
            0.22367572784423828,
            0.1512843370437622,
            0.1238354742527008,
            0.3350118398666382
          ]
        },
        "grasp": {
          "ee_pose_wxyz": [
            -0.09535747766494751,
            -0.03593015298247337,
            0.7853989005088806,
            0.4833104908466339,
            -0.29943984746932983,
            -0.5959689021110535,
            0.567069411277771
          ],
          "qpos": [
            1.6303186416625977,
            0.1606033444404602,
            0.9006401300430298,
            0.9178417921066284,
            0.9371240735054016,
            0.3904247581958771,
            1.039326786994934,
            0.5375874638557434,
            0.23774480819702148,
            0.07563019543886185,
            0.07146713137626648,
            0.3747924268245697
          ]
        },
        "lift": {
          "ee_pose_wxyz": [
            -0.09535747766494751,
            -0.03593015298247337,
            0.7853989005088806,
            0.4833104908466339,
            -0.29943984746932983,
            -0.5959689021110535,
            0.567069411277771
          ],
          "qpos": [
            1.6519540548324585,
            0.15778563916683197,
            0.982038676738739,
            1.0031931400299072,
            1.0331799983978271,
            0.6200366020202637,
            1.1709988117218018,
            0.649838387966156,
            0.2518138885498047,
            -2.3946166038513184e-05,
            0.019098788499832153,
            0.4145730137825012
          ]
        }
      }
    },
    {
      "rank": 1,
      "raw_index": 1,
      "tag": "feasible",
      "ik_rank": 1,
      "gen_source": "bodex",
      "feasible": true,
      "render_time_sec": 2.87,
      "stages": {
        "approach": {
          "ee_pose_wxyz": [
            -0.06438534706830978,
            -0.0558098740875721,
            0.8504918217658997,
            0.8391072750091553,
            0.4174991846084595,
            -0.2769608199596405,
            -0.21186323463916779
          ],
          "qpos": [
            1.2183659076690674,
            -0.03707228973507881,
            0.8255417346954346,
            0.9889099597930908,
            1.14732825756073,
            0.14846891164779663,
            0.8288244009017944,
            0.5503420829772949,
            0.39110052585601807,
            0.24307535588741302,
            0.4051913022994995,
            0.287990003824234
          ]
        },
        "grasp": {
          "ee_pose_wxyz": [
            -0.06591083109378815,
            -0.05237152427434921,
            0.8503052592277527,
            0.8309034705162048,
            0.4453926384449005,
            -0.2627321779727936,
            -0.2054184526205063
          ],
          "qpos": [
            1.3028053045272827,
            -0.04608382657170296,
            0.8421011567115784,
            1.013170599937439,
            1.1789054870605469,
            0.3374130427837372,
            0.8948777318000793,
            0.6593441963195801,
            0.3919650614261627,
            0.1882983297109604,
            0.5207551121711731,
            0.27687081694602966
          ]
        },
        "lift": {
          "ee_pose_wxyz": [
            -0.06591083109378815,
            -0.05237152427434921,
            0.8503052592277527,
            0.8309034705162048,
            0.4453926384449005,
            -0.2627321779727936,
            -0.2054184526205063
          ],
          "qpos": [
            1.387244701385498,
            -0.0550953634083271,
            0.8586605787277222,
            1.037431240081787,
            1.2104827165603638,
            0.5263571739196777,
            0.9609310626983643,
            0.7683463096618652,
            0.3928295969963074,
            0.13352130353450775,
            0.6363189220428467,
            0.2657516300678253
          ]
        }
      }
    },
    {
      "rank": 2,
      "raw_index": 2,
      "tag": "feasible",
      "ik_rank": 2,
      "gen_source": "bodex",
      "feasible": true,
      "render_time_sec": 2.82,
      "stages": {
        "approach": {
          "ee_pose_wxyz": [
            -0.08683861047029495,
            -0.039148833602666855,
            0.8404234051704407,
            0.7603078484535217,
            0.4300905764102936,
            -0.3580377399921417,
            -0.32979241013526917
          ],
          "qpos": [
            1.2962239980697632,
            -0.02568361721932888,
            0.7993134260177612,
            0.954287052154541,
            1.102338194847107,
            0.13496769964694977,
            0.864441990852356,
            0.6257749795913696,
            0.3823172450065613,
            0.2062970995903015,
            0.40684375166893005,
            0.23640349507331848
          ]
        },
        "grasp": {
          "ee_pose_wxyz": [
            -0.08398772776126862,
            -0.03802630677819252,
            0.8444591760635376,
            0.7665389180183411,
            0.44776490330696106,
            -0.3266344964504242,
            -0.32439905405044556
          ],
          "qpos": [
            1.3430224657058716,
            -0.041927844285964966,
            0.8231297135353088,
            0.9937058687210083,
            1.1605143547058105,
            0.31599122285842896,
            0.9354589581489563,
            0.7487930655479431,
            0.43126288056373596,
            0.15744353830814362,
            0.5333423018455505,
            0.21128584444522858
          ]
        },
        "lift": {
          "ee_pose_wxyz": [
            -0.08398772776126862,
            -0.03802630677819252,
            0.8444591760635376,
            0.7665389180183411,
            0.44776490330696106,
            -0.3266344964504242,
            -0.32439905405044556
          ],
          "qpos": [
            1.38982093334198,
            -0.0581720694899559,
            0.8469460010528564,
            1.0331246852874756,
            1.2186905145645142,
            0.49701476097106934,
            1.0064759254455566,
            0.8718111515045166,
            0.48020851612091064,
            0.10858997702598572,
            0.6598408222198486,
            0.18616819381713867
          ]
        }
      }
    },
    {
      "rank": 3,
      "raw_index": 3,
      "tag": "feasible",
      "ik_rank": 3,
      "gen_source": "bodex",
      "feasible": true,
      "render_time_sec": 2.42,
      "stages": {
        "approach": {
          "ee_pose_wxyz": [
            -0.002651612274348736,
            -0.08787031471729279,
            0.8487486243247986,
            0.8533538579940796,
            0.4832686185836792,
            -0.057410091161727905,
            0.186929389834404
          ],