{
  "object_name": "wine_cork__000",
  "object_class": "wine_cork",
  "source": "bodex",
  "object_scale": 0.0947,
  "rollout_success": false,
  "n_total": 200,
  "n_feasible": 200,
  "top_candidates": [
    {
      "rank": 0,
      "raw_index": 0,
      "tag": "feasible",
      "ik_rank": 0,
      "gen_source": "bodex",
      "feasible": true,
      "render_time_sec": 2.33,
      "stages": {
        "approach": {
          "ee_pose_wxyz": [
            0.045514028519392014,
            0.06064700335264206,
            0.7297340035438538,
            0.9253696203231812,
            -0.25634101033210754,
            0.2534463107585907,
            0.11724037677049637
          ],
          "qpos": [
            1.0906306505203247,
            0.17399999499320984,
            0.662558913230896,
            0.8526667952537537,
            1.0644586086273193,
            -0.143239825963974,
            0.5912278294563293,
            0.48911798000335693,
            0.24440552294254303,
            0.2426827847957611,
            0.4648795425891876,
            0.4268515706062317
          ]
        },
        "grasp": {
          "ee_pose_wxyz": [
            0.040842361748218536,
            0.051129501312971115,
            0.7318044304847717,
            0.94266676902771,
            -0.18518559634685516,
            0.24838897585868835,
            0.12405040860176086
          ],
          "qpos": [
            1.186277151107788,
            0.11026468127965927,
            0.691983699798584,
            0.9270109534263611,
            1.112907886505127,
            0.03541536629199982,
            0.7168594002723694,
            0.7419613003730774,
            0.22558283805847168,
            0.2036401927471161,
            0.5762038230895996,
            0.5132258534431458
          ]
        },
        "lift": {
          "ee_pose_wxyz": [
            0.040842361748218536,
            0.051129501312971115,
            0.7318044304847717,
            0.94266676902771,
            -0.18518559634685516,
            0.24838897585868835,
            0.12405040860176086
          ],
          "qpos": [
            1.2819236516952515,
            0.046529367566108704,
            0.721408486366272,
            1.0013551712036133,
            1.1613571643829346,
            0.21407055854797363,
            0.8424909710884094,
            0.9948046207427979,
            0.20676015317440033,
            0.16459760069847107,
            0.687528133392334,
            0.5996001362800598
          ]
        }
      }
    },
    {
      "rank": 1,
      "raw_index": 1,
      "tag": "feasible",
      "ik_rank": 1,
      "gen_source": "bodex",
      "feasible": true,
      "render_time_sec": 2.2,
      "stages": {
        "approach": {
          "ee_pose_wxyz": [
            0.053991321474313736,
            0.04536348208785057,
            0.7363196611404419,
            0.9504796862602234,
            -0.17615824937820435,
            0.254879891872406,
            0.02434946782886982
          ],
          "qpos": [
            1.1511224508285522,
            0.17399999499320984,
            0.6425654292106628,
            0.8168254494667053,
            1.0150285959243774,
            -0.1428726762533188,
            0.6150509119033813,
            0.49521604180336,
            0.27712783217430115,
            0.19274455308914185,
            0.44170069694519043,
            0.39971113204956055
          ]
        },
        "grasp": {
          "ee_pose_wxyz": [
            0.04638904705643654,
            0.03632267192006111,
            0.739037811756134,
            0.9652262926101685,
            -0.1000390276312828,
            0.2389054149389267,
            0.03542019799351692
          ],
          "qpos": [
            1.2360507249832153,
            0.09843231737613678,
            0.6948546171188354,
            0.8863882422447205,
            1.0709677934646606,
            0.050342731177806854,
            0.7418917417526245,
            0.7307158708572388,
            0.2546684741973877,
            0.17589345574378967,
            0.5388721823692322,
            0.5001974701881409
          ]
        },
        "lift": {
          "ee_pose_wxyz": [
            0.04638904705643654,
            0.03632267192006111,
            0.739037811756134,
            0.9652262926101685,
            -0.1000390276312828,
            0.2389054149389267,
            0.03542019799351692
          ],
          "qpos": [
            1.3209789991378784,
            0.02286463975906372,
            0.7471438050270081,
            0.9559510350227356,
            1.1269069910049438,
            0.2435581386089325,
            0.8687325716018677,
            0.9662157297134399,
            0.23220911622047424,
            0.1590423583984375,
            0.6360436677932739,
            0.6006838083267212
          ]
        }
      }
    },
    {
      "rank": 2,
      "raw_index": 2,
      "tag": "feasible",
      "ik_rank": 2,
      "gen_source": "bodex",
      "feasible": true,
      "render_time_sec": 2.56,
      "stages": {
        "approach": {
          "ee_pose_wxyz": [
            0.04889377951622009,
            0.055631767958402634,
            0.733840823173523,
            0.9433063864707947,
            -0.2133106291294098,
            0.24542823433876038,
            0.06660928577184677
          ],
          "qpos": [
            1.2160848379135132,
            0.17399999499320984,
            0.6547762155532837,
            0.8243740200996399,
            1.0062617063522339,
            -0.17917148768901825,
            0.6523857712745667,
            0.4567030966281891,
            0.24295352399349213,
            0.16876916587352753,
            0.44183382391929626,
            0.2998013198375702
          ]
        },
        "grasp": {
          "ee_pose_wxyz": [
            0.04338186979293823,
            0.04630608484148979,
            0.7362602949142456,
            0.9580733776092529,
            -0.13958323001861572,
            0.2381494790315628,
            0.07679076492786407
          ],
          "qpos": [
            1.2878706455230713,
            0.09912797808647156,
            0.7181578874588013,
            0.8982800841331482,
            1.0707039833068848,
            0.025906911119818687,
            0.7877431511878967,
            0.6775574684143066,
            0.22232112288475037,
            0.14753606915473938,
            0.5378850698471069,
            0.3834969699382782
          ]
        },
        "lift": {
          "ee_pose_wxyz": [
            0.04338186979293823,
            0.04630608484148979,
            0.7362602949142456,
            0.9580733776092529,
            -0.13958323001861572,
            0.2381494790315628,
            0.07679076492786407
          ],
          "qpos": [
            1.3596564531326294,
            0.024255961179733276,
            0.7815395593643188,
            0.9721861481666565,
            1.1351462602615356,
            0.23098529875278473,
            0.9231005311012268,
            0.8984118700027466,
            0.2016887217760086,
            0.12630297243595123,
            0.6339362859725952,
            0.4671926200389862
          ]
        }
      }
    },
    {
      "rank": 3,
      "raw_index": 3,
      "tag": "feasible",
      "ik_rank": 3,
      "gen_source": "bodex",
      "feasible": true,
      "render_time_sec": 2.84,
      "stages": {
        "approach": {
          "ee_pose_wxyz": [
            0.04894231632351875,
            0.0026473093312233686,
            0.7523274421691895,
            0.978128969669342,
            0.006800215691328049,
            0.19750896096229553,
            -0.0648651048541069
          ],