{
  "object_name": "wood_planer__001",
  "object_class": "wood_planer",
  "source": "bodex",
  "object_scale": 0.0662,
  "rollout_success": false,
  "n_total": 200,
  "n_feasible": 200,
  "top_candidates": [
    {
      "rank": 0,
      "raw_index": 0,
      "tag": "feasible",
      "ik_rank": 0,
      "gen_source": "bodex",
      "feasible": true,
      "render_time_sec": 2.36,
      "stages": {
        "approach": {
          "ee_pose_wxyz": [
            0.09140138328075409,
            -0.032280609011650085,
            0.47786596417427063,
            0.8476350903511047,
            0.07098689675331116,
            0.45377370715141296,
            -0.26564091444015503
          ],
          "qpos": [
            1.4736489057540894,
            0.16174201667308807,
            0.9852209091186523,
            0.8083222508430481,
            0.8404097557067871,
            0.43487489223480225,
            1.1213655471801758,
            0.4524732828140259,
            0.32094791531562805,
            0.2516299784183502,
            0.4119642376899719,
            0.4366098642349243
          ]
        },
        "grasp": {
          "ee_pose_wxyz": [
            0.08877421915531158,
            -0.03223413601517677,
            0.46448561549186707,
            0.8334349393844604,
            0.06109032407402992,
            0.4665193557739258,
            -0.2898517847061157
          ],
          "qpos": [
            1.494529128074646,
            0.02790195122361183,
            1.0830007791519165,
            0.7866241335868835,
            0.9682990312576294,
            0.5986631512641907,
            1.2431412935256958,
            0.4948216676712036,
            0.494454026222229,
            0.10496018826961517,
            0.3612365424633026,
            0.5528583526611328
          ]
        },
        "lift": {
          "ee_pose_wxyz": [
            0.08877421915531158,
            -0.03223413601517677,
            0.46448561549186707,
            0.8334349393844604,
            0.06109032407402992,
            0.4665193557739258,
            -0.2898517847061157
          ],
          "qpos": [
            1.5154093503952026,
            -0.10593812167644501,
            1.1807806491851807,
            0.764926016330719,
            1.0961883068084717,
            0.7624514102935791,
            1.3649170398712158,
            0.5371700525283813,
            0.6679601669311523,
            -0.04170960187911987,
            0.3105088472366333,
            0.6691068410873413
          ]
        }
      }
    },
    {
      "rank": 1,
      "raw_index": 1,
      "tag": "feasible",
      "ik_rank": 1,
      "gen_source": "bodex",
      "feasible": true,
      "render_time_sec": 2.68,
      "stages": {
        "approach": {
          "ee_pose_wxyz": [
            0.03956473618745804,
            0.034555234014987946,
            0.4925503730773926,
            0.9709122776985168,
            0.031071344390511513,
            0.2163316011428833,
            -0.0977984368801117
          ],
          "qpos": [
            1.484462857246399,
            0.15425792336463928,
            0.9243355393409729,
            0.9258751273155212,
            0.931788980960846,
            0.43439236283302307,
            1.0317716598510742,
            0.5324975848197937,
            0.35226407647132874,
            0.1778760403394699,
            0.3931998312473297,
            0.37096649408340454
          ]
        },
        "grasp": {
          "ee_pose_wxyz": [
            0.03899703174829483,
            0.034428153187036514,
            0.4846231937408447,
            0.9621515870094299,
            0.033621545881032944,
            0.23083807528018951,
            -0.14088203012943268
          ],
          "qpos": [
            1.4236146211624146,
            0.14267481863498688,
            0.9584048986434937,
            0.9818041920661926,
            1.004262924194336,
            0.6040021777153015,
            1.1285595893859863,
            0.6107818484306335,
            0.3661406338214874,
            0.10372471809387207,
            0.45206600427627563,
            0.4346148669719696
          ]
        },
        "lift": {
          "ee_pose_wxyz": [
            0.03899703174829483,
            0.034428153187036514,
            0.4846231937408447,
            0.9621515870094299,
            0.033621545881032944,
            0.23083807528018951,
            -0.14088203012943268
          ],
          "qpos": [
            1.3627663850784302,
            0.13109171390533447,
            0.9924742579460144,
            1.0377333164215088,
            1.0767369270324707,
            0.7736120223999023,
            1.2253475189208984,
            0.6890661120414734,
            0.3800171911716461,
            0.02957339584827423,
            0.510932207107544,
            0.49826323986053467
          ]
        }
      }
    },
    {
      "rank": 2,
      "raw_index": 2,
      "tag": "feasible",
      "ik_rank": 2,
      "gen_source": "bodex",
      "feasible": true,
      "render_time_sec": 2.54,
      "stages": {
        "approach": {
          "ee_pose_wxyz": [
            0.0009761424153111875,
            0.00913275871425867,
            0.5111138820648193,
            0.9945606589317322,
            0.030601777136325836,
            0.08456555753946304,
            0.05254708230495453
          ],
          "qpos": [
            1.5640604496002197,
            -0.07534309476613998,
            0.9424155950546265,
            1.007047414779663,
            1.0689318180084229,
            0.5110881328582764,
            1.0121757984161377,
            0.5209892392158508,
            0.33411940932273865,
            0.27782511711120605,
            0.4871869385242462,
            0.3252186179161072
          ]
        },
        "grasp": {
          "ee_pose_wxyz": [
            -0.006225327029824257,
            0.01906401664018631,
            0.5058411955833435,
            0.9986234903335571,
            -0.005356216337531805,
            0.04980031028389931,
            0.015563311986625195
          ],
          "qpos": [
            1.5583895444869995,
            -0.08605369925498962,
            1.0238900184631348,
            1.1051782369613647,
            1.1799800395965576,
            0.684029221534729,
            1.1456568241119385,
            0.6536310911178589,
            0.3475482761859894,
            0.26695767045021057,
            0.48070937395095825,
            0.3861407935619354
          ]
        },
        "lift": {
          "ee_pose_wxyz": [
            -0.006225327029824257,
            0.01906401664018631,
            0.5058411955833435,
            0.9986234903335571,
            -0.005356216337531805,
            0.04980031028389931,
            0.015563311986625195
          ],
          "qpos": [
            1.5527186393737793,
            -0.09676430374383926,
            1.105364441871643,
            1.2033090591430664,
            1.2910282611846924,
            0.8569703102111816,
            1.2791378498077393,
            0.7862729430198669,
            0.3609771430492401,
            0.2560902237892151,
            0.4742318093776703,
            0.44706296920776367
          ]
        }
      }
    },
    {
      "rank": 3,
      "raw_index": 3,
      "tag": "feasible",
      "ik_rank": 3,
      "gen_source": "bodex",
      "feasible": true,
      "render_time_sec": 2.93,
      "stages": {
        "approach": {
          "ee_pose_wxyz": [
            0.007037405855953693,
            -0.02638520486652851,
            0.5081684589385986,
            0.9675177931785583,
            0.21747562289237976,
            0.11653845757246017,
            0.055066078901290894
          ],