{
  "object_name": "dumbbell__000",
  "object_class": "dumbbell",
  "source": "bodex",
  "object_scale": 0.0726,
  "rollout_success": false,
  "n_total": 200,
  "n_feasible": 200,
  "top_candidates": [
    {
      "rank": 0,
      "raw_index": 0,
      "tag": "feasible",
      "ik_rank": 0,
      "gen_source": "bodex",
      "feasible": true,
      "render_time_sec": 2.65,
      "stages": {
        "approach": {
          "ee_pose_wxyz": [
            0.027743035927414894,
            -0.09101331979036331,
            0.8970451354980469,
            0.8086075186729431,
            0.4594946503639221,
            0.26677533984184265,
            -0.25268426537513733
          ],
          "qpos": [
            1.5037354230880737,
            0.17399999499320984,
            0.7533312439918518,
            0.8032792806625366,
            0.8564367890357971,
            0.11306347697973251,
            0.9947122931480408,
            0.36505627632141113,
            0.28642088174819946,
            0.32102373242378235,
            0.28251883387565613,
            0.3796581029891968
          ]
        },
        "grasp": {
          "ee_pose_wxyz": [
            0.0273684523999691,
            -0.09964067488908768,
            0.8830922245979309,
            0.7457853555679321,
            0.5290575623512268,
            0.3045545518398285,
            -0.266737163066864
          ],
          "qpos": [
            1.5261951684951782,
            0.17399999499320984,
            0.8200767040252686,
            0.843847393989563,
            0.8709851503372192,
            0.2737659513950348,
            1.1781517267227173,
            0.5341078639030457,
            0.2668948769569397,
            0.21481545269489288,
            0.3053341209888458,
            0.45065000653266907
          ]
        },
        "lift": {
          "ee_pose_wxyz": [
            0.0273684523999691,
            -0.09964067488908768,
            0.8830922245979309,
            0.7457853555679321,
            0.5290575623512268,
            0.3045545518398285,
            -0.266737163066864
          ],
          "qpos": [
            1.5486549139022827,
            0.17399999499320984,
            0.8868221640586853,
            0.8844155073165894,
            0.8855335116386414,
            0.43446841835975647,
            1.361591100692749,
            0.7031594514846802,
            0.24736887216567993,
            0.10860717296600342,
            0.3281494081020355,
            0.5216419100761414
          ]
        }
      }
    },
    {
      "rank": 1,
      "raw_index": 1,
      "tag": "feasible",
      "ik_rank": 1,
      "gen_source": "bodex",
      "feasible": true,
      "render_time_sec": 2.67,
      "stages": {
        "approach": {
          "ee_pose_wxyz": [
            0.0248176958411932,
            -0.08819199353456497,
            0.9024152755737305,
            0.8101003170013428,
            0.47139936685562134,
            0.2401491403579712,
            -0.25268256664276123
          ],
          "qpos": [
            1.5581190586090088,
            0.17399999499320984,
            0.7928052544593811,
            0.8105936646461487,
            0.828894853591919,
            0.14777663350105286,
            0.9967291355133057,
            0.4313374161720276,
            0.3130396902561188,
            0.18856951594352722,
            0.24141108989715576,
            0.36619138717651367
          ]
        },
        "grasp": {
          "ee_pose_wxyz": [
            0.025269581004977226,
            -0.09854492545127869,
            0.8833872079849243,
            0.7478206753730774,
            0.5433163046836853,
            0.2796589434146881,
            -0.2595428228378296
          ],
          "qpos": [
            1.5449378490447998,
            0.17399999499320984,
            0.826861560344696,
            0.8497185111045837,
            0.8708029985427856,
            0.28819793462753296,
            1.1746010780334473,
            0.6136938333511353,
            0.2976018488407135,
            0.07294873893260956,
            0.2592652142047882,
            0.4420233368873596
          ]
        },
        "lift": {
          "ee_pose_wxyz": [
            0.025269581004977226,
            -0.09854492545127869,
            0.8833872079849243,
            0.7478206753730774,
            0.5433163046836853,
            0.2796589434146881,
            -0.2595428228378296
          ],
          "qpos": [
            1.5317566394805908,
            0.17399999499320984,
            0.860917866230011,
            0.8888433575630188,
            0.9127111434936523,
            0.42861923575401306,
            1.3524730205535889,
            0.7960502505302429,
            0.2821640074253082,
            -0.042672038078308105,
            0.27711933851242065,
            0.5178552865982056
          ]
        }
      }
    },
    {
      "rank": 2,
      "raw_index": 2,
      "tag": "feasible",
      "ik_rank": 2,
      "gen_source": "bodex",
      "feasible": true,
      "render_time_sec": 2.71,
      "stages": {
        "approach": {
          "ee_pose_wxyz": [
            -0.004747418221086264,
            0.10216180235147476,
            0.8973565101623535,
            0.7740969061851501,
            -0.45913785696029663,
            0.28782379627227783,
            0.32729804515838623
          ],
          "qpos": [
            1.2779290676116943,
            0.17399999499320984,
            0.8138752579689026,
            0.9239596128463745,
            1.0319050550460815,
            0.28891947865486145,
            0.7657787799835205,
            0.4860351085662842,
            0.39027121663093567,
            0.26854628324508667,
            0.40727919340133667,
            0.26108670234680176
          ]
        },
        "grasp": {
          "ee_pose_wxyz": [
            -0.01604006439447403,
            0.10200527310371399,
            0.8765084743499756,
            0.757485032081604,
            -0.524846076965332,
            0.27927517890930176,
            0.2697373926639557
          ],
          "qpos": [
            1.3900498151779175,
            0.17399999499320984,
            0.8665355443954468,
            0.9624168872833252,
            1.0564440488815308,
            0.48061174154281616,
            0.7920116782188416,
            0.6458010673522949,
            0.39057138562202454,
            0.14500458538532257,
            0.47801339626312256,
            0.2255084365606308
          ]
        },
        "lift": {
          "ee_pose_wxyz": [
            -0.01604006439447403,
            0.10200527310371399,
            0.8765084743499756,
            0.757485032081604,
            -0.524846076965332,
            0.27927517890930176,
            0.2697373926639557
          ],
          "qpos": [
            1.5021705627441406,
            0.17399999499320984,
            0.919195830821991,
            1.0008741617202759,
            1.08098304271698,
            0.6723040342330933,
            0.8182445764541626,
            0.8055670261383057,
            0.3908715546131134,
            0.02146288752555847,
            0.5487475991249084,
            0.18993017077445984
          ]
        }
      }
    },
    {
      "rank": 3,
      "raw_index": 3,
      "tag": "feasible",
      "ik_rank": 3,
      "gen_source": "bodex",
      "feasible": true,
      "render_time_sec": 2.75,
      "stages": {
        "approach": {
          "ee_pose_wxyz": [
            0.05100230872631073,
            -0.05159077048301697,
            0.9236606359481812,
            0.9048949480056763,
            0.30178675055503845,
            0.30014580488204956,
            0.0014961956767365336
          ],