{
  "object_name": "dumbbell__005",
  "object_class": "dumbbell",
  "source": "bodex",
  "object_scale": 0.066,
  "rollout_success": false,
  "n_total": 200,
  "n_feasible": 200,
  "top_candidates": [
    {
      "rank": 0,
      "raw_index": 0,
      "tag": "feasible",
      "ik_rank": 0,
      "gen_source": "bodex",
      "feasible": true,
      "render_time_sec": 2.33,
      "stages": {
        "approach": {
          "ee_pose_wxyz": [
            0.022827088832855225,
            -0.10567788779735565,
            0.972148060798645,
            0.738065779209137,
            0.5189833641052246,
            0.3407009243965149,
            -0.2642688453197479
          ],
          "qpos": [
            1.4856492280960083,
            0.17399999499320984,
            0.7441391348838806,
            0.8717382550239563,
            0.9975687265396118,
            0.28613314032554626,
            0.9644148349761963,
            0.47451961040496826,
            0.2295030653476715,
            0.252464234828949,
            0.33038732409477234,
            0.41663751006126404
          ]
        },
        "grasp": {
          "ee_pose_wxyz": [
            0.020898107439279556,
            -0.11155781149864197,
            0.9507617354393005,
            0.6588398218154907,
            0.5906365513801575,
            0.3682493269443512,
            -0.285431444644928
          ],
          "qpos": [
            1.467222809791565,
            0.17399999499320984,
            0.7500478625297546,
            0.8696837425231934,
            0.9875593781471252,
            0.3699398934841156,
            1.1486598253250122,
            0.6542646884918213,
            0.20741547644138336,
            0.09207253903150558,
            0.34795963764190674,
            0.4797469675540924
          ]
        },
        "lift": {
          "ee_pose_wxyz": [
            0.020898107439279556,
            -0.11155781149864197,
            0.9507617354393005,
            0.6588398218154907,
            0.5906365513801575,
            0.3682493269443512,
            -0.285431444644928
          ],
          "qpos": [
            1.4487963914871216,
            0.17399999499320984,
            0.7559565901756287,
            0.8676292300224304,
            0.9775500297546387,
            0.45374664664268494,
            1.3329048156738281,
            0.8340097665786743,
            0.18532788753509521,
            -0.06831914931535721,
            0.36553195118904114,
            0.5428564548492432
          ]
        }
      }
    },
    {
      "rank": 1,
      "raw_index": 1,
      "tag": "feasible",
      "ik_rank": 1,
      "gen_source": "bodex",
      "feasible": true,
      "render_time_sec": 2.6,
      "stages": {
        "approach": {
          "ee_pose_wxyz": [
            -0.03495089337229729,
            -0.05508727207779884,
            0.9969707727432251,
            0.9110004901885986,
            0.38814982771873474,
            -0.13262391090393066,
            0.042764127254486084
          ],
          "qpos": [
            1.56096613407135,
            0.14627394080162048,
            0.8452938199043274,
            1.0645824670791626,
            1.2105635404586792,
            0.2786092758178711,
            0.6402986645698547,
            0.3378514349460602,
            0.4820723235607147,
            0.3722477853298187,
            0.3807116746902466,
            0.30253690481185913
          ]
        },
        "grasp": {
          "ee_pose_wxyz": [
            -0.04552368074655533,
            -0.04487348720431328,
            0.99013751745224,
            0.9023926854133606,
            0.3845384120941162,
            -0.18555006384849548,
            0.05821436643600464
          ],
          "qpos": [
            1.6635711193084717,
            0.005658524110913277,
            0.8764979839324951,
            1.0634872913360596,
            1.301232099533081,
            0.38739216327667236,
            0.7058917880058289,
            0.437742680311203,
            0.4303715229034424,
            0.4345893859863281,
            0.38384678959846497,
            0.2939532697200775
          ]
        },
        "lift": {
          "ee_pose_wxyz": [
            -0.04552368074655533,
            -0.04487348720431328,
            0.99013751745224,
            0.9023926854133606,
            0.3845384120941162,
            -0.18555006384849548,
            0.05821436643600464
          ],
          "qpos": [
            1.7661761045455933,
            -0.13495689630508423,
            0.9077021479606628,
            1.0623921155929565,
            1.391900658607483,
            0.49617505073547363,
            0.771484911441803,
            0.5376338958740234,
            0.37867072224617004,
            0.4969309866428375,
            0.38698190450668335,
            0.2853696346282959
          ]
        }
      }
    },
    {
      "rank": 2,
      "raw_index": 2,
      "tag": "feasible",
      "ik_rank": 2,
      "gen_source": "bodex",
      "feasible": true,
      "render_time_sec": 2.32,
      "stages": {
        "approach": {
          "ee_pose_wxyz": [
            0.04169536754488945,
            -0.09600796550512314,
            0.9669649600982666,
            0.743344247341156,
            0.5616145133972168,
            0.3356303572654724,
            -0.13921469449996948
          ],
          "qpos": [
            1.6122668981552124,
            0.17399999499320984,
            0.7892769575119019,
            0.7107726335525513,
            0.679655134677887,
            0.3055812120437622,
            1.059413194656372,
            0.4334295988082886,
            0.2877889573574066,
            0.27333760261535645,
            0.3034569025039673,
            0.2739940881729126
          ]
        },
        "grasp": {
          "ee_pose_wxyz": [
            0.049863118678331375,
            -0.10029973089694977,
            0.9454095959663391,
            0.6706230640411377,
            0.5920299291610718,
            0.4127313494682312,
            -0.1715170294046402
          ],
          "qpos": [
            1.5932657718658447,
            0.17399999499320984,
            0.7919734716415405,
            0.7555451393127441,
            0.712511420249939,
            0.41631677746772766,
            1.2557759284973145,
            0.5889644026756287,
            0.2702743113040924,
            0.18336300551891327,
            0.23529739677906036,
            0.34579068422317505
          ]
        },
        "lift": {
          "ee_pose_wxyz": [
            0.049863118678331375,
            -0.10029973089694977,
            0.9454095959663391,
            0.6706230640411377,
            0.5920299291610718,
            0.4127313494682312,
            -0.1715170294046402
          ],
          "qpos": [
            1.574264645576477,
            0.17399999499320984,
            0.7946699857711792,
            0.800317645072937,
            0.745367705821991,
            0.5270523428916931,
            1.4521386623382568,
            0.7444992065429688,
            0.2527596652507782,
            0.09338840842247009,
            0.16713789105415344,
            0.4175872802734375
          ]
        }
      }
    },
    {
      "rank": 3,
      "raw_index": 3,
      "tag": "feasible",
      "ik_rank": 3,
      "gen_source": "bodex",
      "feasible": true,
      "render_time_sec": 2.3,
      "stages": {
        "approach": {
          "ee_pose_wxyz": [
            -0.03055085986852646,
            -0.05837928131222725,
            1.0296587944030762,
            0.869289219379425,
            0.44336462020874023,
            0.005845001433044672,
            -0.21847176551818848
          ],