{
  "object_name": "wood_planer__005",
  "object_class": "wood_planer",
  "source": "bodex",
  "object_scale": 0.0665,
  "rollout_success": false,
  "n_total": 200,
  "n_feasible": 200,
  "top_candidates": [
    {
      "rank": 0,
      "raw_index": 0,
      "tag": "feasible",
      "ik_rank": 0,
      "gen_source": "bodex",
      "feasible": true,
      "render_time_sec": 2.86,
      "stages": {
        "approach": {
          "ee_pose_wxyz": [
            0.029721258208155632,
            -0.0034222181420773268,
            0.5215467214584351,
            0.8696953058242798,
            0.10598424822092056,
            0.0866745263338089,
            -0.4742201864719391
          ],
          "qpos": [
            1.26845121383667,
            -0.04688484966754913,
            0.9451698660850525,
            1.0387667417526245,
            1.1490527391433716,
            0.5532761216163635,
            0.8694628477096558,
            0.3539140224456787,
            0.44938918948173523,
            0.3627772629261017,
            0.5388695597648621,
            0.3479045331478119
          ]
        },
        "grasp": {
          "ee_pose_wxyz": [
            0.017939938232302666,
            0.008494829759001732,
            0.5162122845649719,
            0.8619162440299988,
            0.11705948412418365,
            0.00018574509886093438,
            -0.49335309863090515
          ],
          "qpos": [
            1.323205828666687,
            -0.04709113761782646,
            0.9886981248855591,
            1.107835054397583,
            1.219499945640564,
            0.7280915379524231,
            0.9494332075119019,
            0.5031881928443909,
            0.380082905292511,
            0.3422211706638336,
            0.608022153377533,
            0.4073752462863922
          ]
        },
        "lift": {
          "ee_pose_wxyz": [
            0.017939938232302666,
            0.008494829759001732,
            0.5162122845649719,
            0.8619162440299988,
            0.11705948412418365,
            0.00018574509886093438,
            -0.49335309863090515
          ],
          "qpos": [
            1.377960443496704,
            -0.04729742556810379,
            1.032226324081421,
            1.1769033670425415,
            1.2899471521377563,
            0.9029069542884827,
            1.029403567314148,
            0.652462363243103,
            0.31077662110328674,
            0.32166507840156555,
            0.6771747469902039,
            0.46684595942497253
          ]
        }
      }
    },
    {
      "rank": 1,
      "raw_index": 1,
      "tag": "feasible",
      "ik_rank": 1,
      "gen_source": "bodex",
      "feasible": true,
      "render_time_sec": 2.43,
      "stages": {
        "approach": {
          "ee_pose_wxyz": [
            0.08813389390707016,
            -5.519897968042642e-05,
            0.4927416741847992,
            0.7957509756088257,
            -0.03887659311294556,
            0.3553840219974518,
            -0.4888467788696289
          ],
          "qpos": [
            1.2745392322540283,
            0.05397806316614151,
            0.8744161128997803,
            1.0067740678787231,
            1.1359608173370361,
            0.6246306896209717,
            0.6577098965644836,
            0.2994958162307739,
            0.5959199070930481,
            0.14790469408035278,
            0.47998955845832825,
            0.19138196110725403
          ]
        },
        "grasp": {
          "ee_pose_wxyz": [
            0.09404004365205765,
            0.007050513755530119,
            0.48833930492401123,
            0.8050457835197449,
            -0.012727699242532253,
            0.3542754054069519,
            -0.47563454508781433
          ],
          "qpos": [
            1.4151688814163208,
            0.000492471270263195,
            0.9309307932853699,
            1.051946997642517,
            1.1652283668518066,
            0.7796357870101929,
            0.7927242517471313,
            0.3373323380947113,
            0.7425063848495483,
            0.0,
            0.44096314907073975,
            0.23880237340927124
          ]
        },
        "lift": {
          "ee_pose_wxyz": [
            0.09404004365205765,
            0.007050513755530119,
            0.48833930492401123,
            0.8050457835197449,
            -0.012727699242532253,
            0.3542754054069519,
            -0.47563454508781433
          ],
          "qpos": [
            1.5557985305786133,
            -0.05299311876296997,
            0.9874454736709595,
            1.097119927406311,
            1.1944959163665771,
            0.9346408843994141,
            0.927738606929779,
            0.3751688599586487,
            0.8890928626060486,
            -0.14790469408035278,
            0.40193673968315125,
            0.28622278571128845
          ]
        }
      }
    },
    {
      "rank": 2,
      "raw_index": 2,
      "tag": "feasible",
      "ik_rank": 2,
      "gen_source": "bodex",
      "feasible": true,
      "render_time_sec": 2.5,
      "stages": {
        "approach": {
          "ee_pose_wxyz": [
            0.0931088924407959,
            -0.023725619539618492,
            0.5018115043640137,
            0.8493034839630127,
            0.13151134550571442,
            0.34874969720840454,
            -0.3738475739955902
          ],
          "qpos": [
            1.6102511882781982,
            0.1520315259695053,
            0.7952386736869812,
            1.072602391242981,
            1.25823175907135,
            0.5251324772834778,
            0.8427098393440247,
            0.3410090506076813,
            0.3105531632900238,
            0.45892226696014404,
            0.3363099992275238,
            0.3617987632751465
          ]
        },
        "grasp": {
          "ee_pose_wxyz": [
            0.1038454920053482,
            -0.023813996464014053,
            0.4893195927143097,
            0.8183028697967529,
            0.1309906393289566,
            0.38420751690864563,
            -0.4069478213787079
          ],
          "qpos": [
            1.610967993736267,
            -0.03701132908463478,
            0.8956896066665649,
            1.152627944946289,
            1.3029112815856934,
            0.6290042996406555,
            0.9349464774131775,
            0.3132460117340088,
            0.4982201159000397,
            0.30490028858184814,
            0.3391343653202057,
            0.4864306151866913
          ]
        },
        "lift": {
          "ee_pose_wxyz": [
            0.1038454920053482,
            -0.023813996464014053,
            0.4893195927143097,
            0.8183028697967529,
            0.1309906393289566,
            0.38420751690864563,
            -0.4069478213787079
          ],
          "qpos": [
            1.611684799194336,
            -0.22605417668819427,
            0.9961405396461487,
            1.2326534986495972,
            1.3475908041000366,
            0.7328761219978333,
            1.0271830558776855,
            0.2854829728603363,
            0.6858870983123779,
            0.15087831020355225,
            0.3419587314128876,
            0.6110624670982361
          ]
        }
      }
    },
    {
      "rank": 3,
      "raw_index": 3,
      "tag": "feasible",
      "ik_rank": 3,
      "gen_source": "bodex",
      "feasible": true,
      "render_time_sec": 3.14,
      "stages": {
        "approach": {
          "ee_pose_wxyz": [
            -0.06450271606445312,
            -0.03395593538880348,
            0.5190737843513489,
            0.9417446255683899,
            0.32934990525245667,
            -0.019989551976323128,
            -0.06516305357217789
          ],