{
  "object_name": "staplers__004",
  "object_class": "staplers",
  "source": "bodex",
  "object_scale": 0.0701,
  "rollout_success": false,
  "n_total": 200,
  "n_feasible": 200,
  "top_candidates": [
    {
      "rank": 0,
      "raw_index": 0,
      "tag": "feasible",
      "ik_rank": 0,
      "gen_source": "bodex",
      "feasible": true,
      "render_time_sec": 2.63,
      "stages": {
        "approach": {
          "ee_pose_wxyz": [
            0.07846631854772568,
            -0.03808533772826195,
            0.5751162767410278,
            0.7324936389923096,
            0.08142240345478058,
            0.2487098127603531,
            -0.6284639835357666
          ],
          "qpos": [
            1.4876718521118164,
            0.0680396556854248,
            1.0192791223526,
            1.1452704668045044,
            0.8963413238525391,
            0.37206825613975525,
            0.9746286869049072,
            0.4121442139148712,
            0.14082728326320648,
            0.7538495063781738,
            0.3062549829483032,
            0.365256130695343
          ]
        },
        "grasp": {
          "ee_pose_wxyz": [
            0.08057466149330139,
            -0.032158851623535156,
            0.573754608631134,
            0.7025876045227051,
            0.0690244734287262,
            0.23728792369365692,
            -0.6673084497451782
          ],
          "qpos": [
            1.5515878200531006,
            0.06330319494009018,
            1.0931386947631836,
            1.2035839557647705,
            0.9460984468460083,
            0.5651307702064514,
            1.0780587196350098,
            0.44986942410469055,
            0.13725249469280243,
            0.7703027725219727,
            0.349327951669693,
            0.41345474123954773
          ]
        },
        "lift": {
          "ee_pose_wxyz": [
            0.08057466149330139,
            -0.032158851623535156,
            0.573754608631134,
            0.7025876045227051,
            0.0690244734287262,
            0.23728792369365692,
            -0.6673084497451782
          ],
          "qpos": [
            1.6155037879943848,
            0.058566734194755554,
            1.166998267173767,
            1.2618974447250366,
            0.9958555698394775,
            0.7581932544708252,
            1.1814887523651123,
            0.4875946342945099,
            0.13367770612239838,
            0.7867560386657715,
            0.39240092039108276,
            0.46165335178375244
          ]
        }
      }
    },
    {
      "rank": 1,
      "raw_index": 1,
      "tag": "feasible",
      "ik_rank": 1,
      "gen_source": "bodex",
      "feasible": true,
      "render_time_sec": 2.72,
      "stages": {
        "approach": {
          "ee_pose_wxyz": [
            0.031425826251506805,
            -0.03536006808280945,
            0.5875462889671326,
            0.7970910668373108,
            0.22079111635684967,
            0.08390486240386963,
            -0.5557491779327393
          ],
          "qpos": [
            1.3184717893600464,
            0.1608794927597046,
            0.9257798790931702,
            1.0437085628509521,
            1.1527520418167114,
            0.43425363302230835,
            0.9356574416160583,
            0.4865303635597229,
            0.437844842672348,
            0.3669123351573944,
            0.392831027507782,
            0.33046117424964905
          ]
        },
        "grasp": {
          "ee_pose_wxyz": [
            0.02986040525138378,
            -0.030630938708782196,
            0.5855732560157776,
            0.784338116645813,
            0.24247677624225616,
            0.06728330254554749,
            -0.5670022964477539
          ],
          "qpos": [
            1.3646153211593628,
            0.08765731751918793,
            0.9722644090652466,
            1.100307583808899,
            1.2262060642242432,
            0.6193941235542297,
            1.0277494192123413,
            0.5590533018112183,
            0.42558765411376953,
            0.3594931662082672,
            0.43885892629623413,
            0.3723866939544678
          ]
        },
        "lift": {
          "ee_pose_wxyz": [
            0.02986040525138378,
            -0.030630938708782196,
            0.5855732560157776,
            0.784338116645813,
            0.24247677624225616,
            0.06728330254554749,
            -0.5670022964477539
          ],
          "qpos": [
            1.4107588529586792,
            0.014435142278671265,
            1.0187489986419678,
            1.1569066047668457,
            1.299660086631775,
            0.8045346140861511,
            1.1198413372039795,
            0.6315762400627136,
            0.41333046555519104,
            0.35207399725914,
            0.4848868250846863,
            0.4143122136592865
          ]
        }
      }
    },
    {
      "rank": 2,
      "raw_index": 2,
      "tag": "feasible",
      "ik_rank": 2,
      "gen_source": "bodex",
      "feasible": true,
      "render_time_sec": 2.77,
      "stages": {
        "approach": {
          "ee_pose_wxyz": [
            0.007545324042439461,
            -0.012370088137686253,
            0.588030993938446,
            0.851403534412384,
            0.16801640391349792,
            0.049557868391275406,
            -0.494394987821579
          ],
          "qpos": [
            1.1657447814941406,
            -0.03099941462278366,
            0.833067774772644,
            1.0023415088653564,
            1.1620724201202393,
            0.5425149202346802,
            0.7908666133880615,
            0.47865355014801025,
            0.2782690227031708,
            0.32503554224967957,
            0.5469446778297424,
            0.24099721014499664
          ]
        },
        "grasp": {
          "ee_pose_wxyz": [
            0.0054173837415874004,
            -0.005672456696629524,
            0.5861445665359497,
            0.8545300364494324,
            0.1744057536125183,
            0.015035249292850494,
            -0.4890144467353821
          ],
          "qpos": [
            1.2151737213134766,
            -0.035828571766614914,
            0.9016363620758057,
            1.1021443605422974,
            1.2880916595458984,
            0.6999272704124451,
            0.9122486710548401,
            0.659213125705719,
            0.22061780095100403,
            0.41878291964530945,
            0.5955303907394409,
            0.273717999458313
          ]
        },
        "lift": {
          "ee_pose_wxyz": [
            0.0054173837415874004,
            -0.005672456696629524,
            0.5861445665359497,
            0.8545300364494324,
            0.1744057536125183,
            0.015035249292850494,
            -0.4890144467353821
          ],
          "qpos": [
            1.2646026611328125,
            -0.04065772891044617,
            0.9702049493789673,
            1.2019472122192383,
            1.4141108989715576,
            0.85733962059021,
            1.0336307287216187,
            0.8397727012634277,
            0.16296657919883728,
            0.5125303268432617,
            0.6441161036491394,
            0.3064388036727905
          ]
        }
      }
    },
    {
      "rank": 3,
      "raw_index": 3,
      "tag": "feasible",
      "ik_rank": 3,
      "gen_source": "bodex",
      "feasible": true,
      "render_time_sec": 2.68,
      "stages": {
        "approach": {
          "ee_pose_wxyz": [
            0.06611327081918716,
            -0.021376339718699455,
            0.578895628452301,
            0.8247288465499878,
            0.11666655540466309,
            0.22191165387630463,
            -0.5069186091423035
          ],