{
  "object_name": "dumbbell__003",
  "object_class": "dumbbell",
  "source": "bodex",
  "object_scale": 0.063,
  "rollout_success": false,
  "n_total": 200,
  "n_feasible": 200,
  "top_candidates": [
    {
      "rank": 0,
      "raw_index": 0,
      "tag": "feasible",
      "ik_rank": 0,
      "gen_source": "bodex",
      "feasible": true,
      "render_time_sec": 2.21,
      "stages": {
        "approach": {
          "ee_pose_wxyz": [
            -0.06308498233556747,
            0.020110784098505974,
            0.36076483130455017,
            0.9003740549087524,
            -0.06160230562090874,
            0.03164016455411911,
            0.4295702874660492
          ],
          "qpos": [
            1.698701024055481,
            0.17399999499320984,
            0.9421095252037048,
            0.7975735068321228,
            0.6724709868431091,
            0.45885220170021057,
            1.103669285774231,
            0.38132792711257935,
            0.38977956771850586,
            0.19648875296115875,
            0.5262084603309631,
            0.3514940142631531
          ]
        },
        "grasp": {
          "ee_pose_wxyz": [
            -0.051455046981573105,
            0.020201602950692177,
            0.35935354232788086,
            0.9105293154716492,
            -0.051187191158533096,
            0.05592520907521248,
            0.40643391013145447
          ],
          "qpos": [
            1.5857493877410889,
            0.17399999499320984,
            1.0629286766052246,
            0.8741865158081055,
            0.7042757272720337,
            0.5781878232955933,
            1.253932237625122,
            0.4614742398262024,
            0.4366454780101776,
            0.24778041243553162,
            0.45412880182266235,
            0.369628369808197
          ]
        },
        "lift": {
          "ee_pose_wxyz": [
            -0.051455046981573105,
            0.020201602950692177,
            0.35935354232788086,
            0.9105293154716492,
            -0.051187191158533096,
            0.05592520907521248,
            0.40643391013145447
          ],
          "qpos": [
            1.4727977514266968,
            0.17399999499320984,
            1.1837477684020996,
            0.9507995247840881,
            0.7360804677009583,
            0.6975234746932983,
            1.4041951894760132,
            0.5416205525398254,
            0.48351138830184937,
            0.2990720868110657,
            0.3820491433143616,
            0.38776272535324097
          ]
        }
      }
    },
    {
      "rank": 1,
      "raw_index": 1,
      "tag": "feasible",
      "ik_rank": 1,
      "gen_source": "bodex",
      "feasible": true,
      "render_time_sec": 2.04,
      "stages": {
        "approach": {
          "ee_pose_wxyz": [
            -0.08472487330436707,
            0.01766851544380188,
            0.3538849651813507,
            0.8854852318763733,
            -0.12436368316411972,
            -0.037547770887613297,
            0.44613876938819885
          ],
          "qpos": [
            1.6327095031738281,
            0.14928291738033295,
            0.8657417893409729,
            0.8754863739013672,
            0.8852798938751221,
            0.5234774947166443,
            0.9821301102638245,
            0.45633968710899353,
            0.25419020652770996,
            0.18975190818309784,
            0.47719240188598633,
            0.41475576162338257
          ]
        },
        "grasp": {
          "ee_pose_wxyz": [
            -0.07421109080314636,
            0.016998032107949257,
            0.35227838158607483,
            0.8939636945724487,
            -0.10404004901647568,
            -0.0002957945689558983,
            0.4358949661254883
          ],
          "qpos": [
            1.5347695350646973,
            0.10714104026556015,
            0.9134825468063354,
            0.9365103840827942,
            0.9574403166770935,
            0.6619410514831543,
            1.101441740989685,
            0.6134404540061951,
            0.25820106267929077,
            0.07763072103261948,
            0.49264073371887207,
            0.48164796829223633
          ]
        },
        "lift": {
          "ee_pose_wxyz": [
            -0.07421109080314636,
            0.016998032107949257,
            0.35227838158607483,
            0.8939636945724487,
            -0.10404004901647568,
            -0.0002957945689558983,
            0.4358949661254883
          ],
          "qpos": [
            1.4368295669555664,
            0.06499916315078735,
            0.961223304271698,
            0.9975343942642212,
            1.029600739479065,
            0.8004046082496643,
            1.2207534313201904,
            0.7705411911010742,
            0.2622119188308716,
            -0.03449046611785889,
            0.5080890655517578,
            0.5485401749610901
          ]
        }
      }
    },
    {
      "rank": 2,
      "raw_index": 2,
      "tag": "feasible",
      "ik_rank": 2,
      "gen_source": "bodex",
      "feasible": true,
      "render_time_sec": 2.76,
      "stages": {
        "approach": {
          "ee_pose_wxyz": [
            0.021320758387446404,
            -0.03807344660162926,
            0.3534514904022217,
            0.9301634430885315,
            0.2806292176246643,
            0.0655193105340004,
            0.22748741507530212
          ],
          "qpos": [
            1.190885305404663,
            -0.07617823779582977,
            0.6580302715301514,
            0.7888199090957642,
            0.5210298299789429,
            -0.13906630873680115,
            0.7951584458351135,
            0.2830050587654114,
            0.03695293888449669,
            0.44048336148262024,
            0.2783108651638031,
            0.23404258489608765
          ]
        },
        "grasp": {
          "ee_pose_wxyz": [
            0.01897931843996048,
            -0.034195881336927414,
            0.35228946805000305,
            0.9339056611061096,
            0.2806812524795532,
            0.09117373079061508,
            0.20180554687976837
          ],
          "qpos": [
            1.2996410131454468,
            -0.0937289372086525,
            0.6795344948768616,
            0.8400688767433167,
            0.5588921308517456,
            0.07163050770759583,
            0.8537296056747437,
            0.3369949460029602,
            0.020347585901618004,
            0.4368276596069336,
            0.34945759177207947,
            0.2634362578392029
          ]
        },
        "lift": {
          "ee_pose_wxyz": [
            0.01897931843996048,
            -0.034195881336927414,
            0.35228946805000305,
            0.9339056611061096,
            0.2806812524795532,
            0.09117373079061508,
            0.20180554687976837
          ],
          "qpos": [
            1.4083967208862305,
            -0.11127963662147522,
            0.7010387182235718,
            0.8913178443908691,
            0.5967544317245483,
            0.2823273241519928,
            0.9123007655143738,
            0.39098483324050903,
            0.003742232918739319,
            0.43317195773124695,
            0.42060431838035583,
            0.2928299307823181
          ]
        }
      }
    },
    {
      "rank": 3,
      "raw_index": 3,
      "tag": "feasible",
      "ik_rank": 3,
      "gen_source": "bodex",
      "feasible": true,
      "render_time_sec": 2.56,
      "stages": {
        "approach": {
          "ee_pose_wxyz": [
            0.023732030764222145,
            -0.02928168512880802,
            0.3550993800163269,
            0.9372735023498535,
            0.26141005754470825,
            0.10396362841129303,
            0.20585161447525024
          ],