{
  "object_name": "wood_planer__002",
  "object_class": "wood_planer",
  "source": "bodex",
  "object_scale": 0.0687,
  "rollout_success": false,
  "n_total": 200,
  "n_feasible": 200,
  "top_candidates": [
    {
      "rank": 0,
      "raw_index": 0,
      "tag": "feasible",
      "ik_rank": 0,
      "gen_source": "bodex",
      "feasible": true,
      "render_time_sec": 2.73,
      "stages": {
        "approach": {
          "ee_pose_wxyz": [
            0.056211698800325394,
            0.01501995138823986,
            0.5332441926002502,
            0.942087709903717,
            0.024559438228607178,
            0.31825774908065796,
            0.10285666584968567
          ],
          "qpos": [
            1.520211935043335,
            -0.00928731169551611,
            0.9699386954307556,
            1.0179386138916016,
            1.0585709810256958,
            0.4011494517326355,
            0.9790779948234558,
            0.41882920265197754,
            0.39984482526779175,
            0.38848480582237244,
            0.45959386229515076,
            0.32160210609436035
          ]
        },
        "grasp": {
          "ee_pose_wxyz": [
            0.04376426711678505,
            0.013993557542562485,
            0.5298913717269897,
            0.9466428160667419,
            0.028680071234703064,
            0.2953798770904541,
            0.1256798505783081
          ],
          "qpos": [
            1.4973996877670288,
            -0.011769804172217846,
            1.0230690240859985,
            1.0877625942230225,
            1.1515722274780273,
            0.5660679340362549,
            1.044974446296692,
            0.4752090275287628,
            0.4316161870956421,
            0.40978336334228516,
            0.5120542645454407,
            0.37439706921577454
          ]
        },
        "lift": {
          "ee_pose_wxyz": [
            0.04376426711678505,
            0.013993557542562485,
            0.5298913717269897,
            0.9466428160667419,
            0.028680071234703064,
            0.2953798770904541,
            0.1256798505783081
          ],
          "qpos": [
            1.4745874404907227,
            -0.014252296648919582,
            1.0761992931365967,
            1.1575865745544434,
            1.2445734739303589,
            0.7309864163398743,
            1.1108708381652832,
            0.5315888524055481,
            0.46338754892349243,
            0.4310819208621979,
            0.5645146369934082,
            0.4271920323371887
          ]
        }
      }
    },
    {
      "rank": 1,
      "raw_index": 1,
      "tag": "feasible",
      "ik_rank": 1,
      "gen_source": "bodex",
      "feasible": true,
      "render_time_sec": 2.7,
      "stages": {
        "approach": {
          "ee_pose_wxyz": [
            0.02130584977567196,
            0.02737291343510151,
            0.5323700904846191,
            0.9820587635040283,
            -0.0181410051882267,
            0.1774236112833023,
            0.0612572617828846
          ],
          "qpos": [
            1.4434276819229126,
            0.12886065244674683,
            0.8692579865455627,
            0.9649832844734192,
            1.0648924112319946,
            0.46296292543411255,
            0.8946304321289062,
            0.5745887756347656,
            0.3500087857246399,
            0.11861346662044525,
            0.43935588002204895,
            0.3977466821670532
          ]
        },
        "grasp": {
          "ee_pose_wxyz": [
            0.015870442613959312,
            0.02488957718014717,
            0.529386579990387,
            0.984234094619751,
            -0.0004908850532956421,
            0.16885001957416534,
            0.05265744775533676
          ],
          "qpos": [
            1.4411754608154297,
            0.14981655776500702,
            0.9288106560707092,
            1.0482738018035889,
            1.164372444152832,
            0.6524888873100281,
            0.9929702877998352,
            0.6823031306266785,
            0.40282943844795227,
            0.09016565978527069,
            0.4860621392726898,
            0.43104907870292664
          ]
        },
        "lift": {
          "ee_pose_wxyz": [
            0.015870442613959312,
            0.02488957718014717,
            0.529386579990387,
            0.984234094619751,
            -0.0004908850532956421,
            0.16885001957416534,
            0.05265744775533676
          ],
          "qpos": [
            1.4389232397079468,
            0.1707724630832672,
            0.9883633255958557,
            1.1315643787384033,
            1.2638524770736694,
            0.8420148491859436,
            1.0913101434707642,
            0.7900174856185913,
            0.45565009117126465,
            0.06171785295009613,
            0.5327683687210083,
            0.46435147523880005
          ]
        }
      }
    },
    {
      "rank": 2,
      "raw_index": 2,
      "tag": "feasible",
      "ik_rank": 2,
      "gen_source": "bodex",
      "feasible": true,
      "render_time_sec": 2.96,
      "stages": {
        "approach": {
          "ee_pose_wxyz": [
            0.024127474054694176,
            0.02643652819097042,
            0.5326511263847351,
            0.9833477139472961,
            -0.008081537671387196,
            0.17953740060329437,
            0.026986630633473396
          ],
          "qpos": [
            1.4720491170883179,
            0.1649375855922699,
            0.8656473755836487,
            0.9608518481254578,
            1.0554801225662231,
            0.4550120532512665,
            0.9162348508834839,
            0.5955921411514282,
            0.3426436483860016,
            0.05773056298494339,
            0.4251696765422821,
            0.4219093918800354
          ]
        },
        "grasp": {
          "ee_pose_wxyz": [
            0.01779945380985737,
            0.022370969876646996,
            0.5296779870986938,
            0.9856991171836853,
            0.02157958596944809,
            0.1666727364063263,
            0.012322332710027695
          ],
          "qpos": [
            1.4782295227050781,
            0.1703772395849228,
            0.9238401055335999,
            1.0336642265319824,
            1.1441267728805542,
            0.6507815718650818,
            1.0163147449493408,
            0.6979444622993469,
            0.38513731956481934,
            0.0005485628498718143,
            0.4662731885910034,
            0.4705291986465454
          ]
        },
        "lift": {
          "ee_pose_wxyz": [
            0.01779945380985737,
            0.022370969876646996,
            0.5296779870986938,
            0.9856991171836853,
            0.02157958596944809,
            0.1666727364063263,
            0.012322332710027695
          ],
          "qpos": [
            1.4844099283218384,
            0.17581689357757568,
            0.982032835483551,
            1.1064765453338623,
            1.2327734231948853,
            0.8465510606765747,
            1.1163946390151978,
            0.8002967834472656,
            0.4276309907436371,
            -0.05663343518972397,
            0.5073766708374023,
            0.5191490054130554
          ]
        }
      }
    },
    {
      "rank": 3,
      "raw_index": 3,
      "tag": "feasible",
      "ik_rank": 3,
      "gen_source": "bodex",
      "feasible": true,
      "render_time_sec": 2.76,
      "stages": {
        "approach": {
          "ee_pose_wxyz": [
            0.01879560947418213,
            0.025777967646718025,
            0.5320895910263062,
            0.981659471988678,
            -0.023645179346203804,
            0.17539933323860168,
            0.07085726410150528
          ],